5.3,88.524,15.195,33.55,145.048,436.971,3,0,0,0,228.691,25.675
5.3,45.765,15.018,15.356,151.379,427.738,3,0,0,0,203.305,20.377
5.3,14.52,15.891,21.64,142.907,427.584,3,0,0,0,207.419,10.081
5.3,48.702,8.1,39.382,134.871,428.741,3,0,0,0,219.042,18.332
5.3,61.006,9.771,22.796,144.47,437.259,3,0,0,0,223.712,25.902
5.3,7.756,14.936,22.034,153.168,419.117,3,0,0,0,195.941,11.202
5.3,4.068,14.004,12.218,36.718,422.012,3,0,0,0,185.116,9.263
5.3,8.601,13.481,10.87,167.35,425.367,3,0,0,0,183.514,1.424
5.3,69.95,9.731,30.012,151.466,436.35,3,0,0,0,228.263,25.137
5.3,83.167,9.932,35.744,154.599,433.327,3,0,0,0,233.925,25.192
5.3,8.973,16.079,10.778,148.735,422.179,3,0,0,0,200.005,18.098
5.3,45.944,16.662,21.474,167.53,440.191,3,0,0,0,231.303,28.147
5.3,43.999,16.607,18.153,155.74,438.206,3,0,0,0,214.519,23.71
5.3,27.902,9.328,13.555,168.353,428.07,3,0,0,0,194.119,7.105
5.3,44.946,14.731,9.433,151.41,432.703,3,0,0,0,200.856,20.875
5.3,47.735,12.995,16.684,149.408,436.372,3,0,0,0,213.231,24.757
5.3,78.561,18.319,32,165.438,445.374,3,0,0,0,239.246,26.703
5.3,61.12,16.297,39.256,127.385,437.823,3,0,0,0,229.111,24.721
5.3,0.593,15.623,10.648,123.104,435.929,3,0,0,0,204.433,45.776
5.3,20.35,69.509,25.024,168.467,439.271,3,0,0,0,216.027,47.201
5.3,8.576,9.961,16.627,144.919,423.74,3,0,0,0,187.218,3.655
5.3,15.806,68.722,34.385,156.537,436.141,3,0,0,0,219.364,47.74
5.3,25.91,43.683,4.669,174.048,437.79,3,0,0,0,222.792,45.592
5.3,28.181,100.563,28.48,119.014,445.896,3,0,0,0,224.492,48.395
5.3,13.747,83.363,38.459,121.555,441.708,3,0,0,0,221.499,47.844
5.3,26.506,99.236,27.585,136.358,445.876,3,0,0,0,221.041,48.169
5.3,1.546,9.231,13.224,148.766,422.666,3,0,0,0,185.048,0
5.3,13.524,7.627,26.71,157.291,422.497,3,0,0,0,202.869,4.43
5.3,23.296,90.271,33.011,132.305,441.129,3,0,0,0,224.911,48.119
5.3,9.874,74.895,38.909,146.035,441.213,3,0,0,0,230.767,47.683
5.3,1.482,15.565,10.615,176.001,430.985,3,0,0,0,193.395,38.409
5.3,8.286,16.042,5.522,174.388,429.986,3,0,0,0,190.902,35.904
5.3,4.043,15.175,14.642,158.351,431.653,3,0,0,0,198.44,37.528
5.3,6.369,17.297,7.96,126.285,433.577,3,0,0,0,188.63,33.477
5.3,20.288,21.37,3.736,178.7,420.11,3,0,0,0,197.399,20.383
5.3,59.324,79.185,2.738,165.933,425.436,3,0,0,0,228.008,24.765
5.3,81.739,112.82,3.188,177.707,429.391,3,0,0,0,234.31,24.796
5.3,18.921,60.194,14.656,130.949,414.876,3,0,0,0,178.358,11.693
5.3,2.428,13.229,11.605,177.187,410.454,3,0,0,0,194.379,0.078
5.3,18.192,14.814,0.203,177.189,417.768,3,0,0,0,204.91,13.408
5.3,89.63,114.233,4.358,176.533,427.676,3,0,0,0,234.241,22.326
5.3,49.707,57.003,1.279,167.456,426.998,3,0,0,0,231.722,24.308
5.3,17.409,65.092,15.738,150.677,419.76,3,0,0,0,187.849,19.023
5.3,4.566,16.417,9.089,155.105,418.432,3,0,0,0,196.09,0.447
5.3,43.13,32.192,2.311,174.181,425.523,3,0,0,0,208.995,20.523
5.3,6.829,30.574,8.801,133.924,413.327,3,0,0,0,189.26,0.858
5.3,9.722,51.655,17.878,131.175,411.932,3,0,0,0,189.654,0.584
5.3,8.77,15.489,10.867,168.99,411.751,3,0,0,0,180.805,9.72
5.3,39.669,99.493,15.391,175.853,427.614,3,0,0,0,198.037,19.062
5.3,1.783,14.103,10.7,159.992,415.33,3,0,0,0,195.181,1.509
5.3,9.139,29.288,9.524,165.344,419.371,3,0,0,0,180.293,7.321
5.3,8.195,31.894,8.603,173.869,416.829,3,0,0,0,192.171,11.695
5.3,53.143,57.81,2.102,169.725,427.494,3,0,0,0,234.41,26.953
5.3,12.544,51.36,13.893,175.001,411.013,3,0,0,0,184.111,12.492
5.3,88.84,98.663,0.399,176.735,423.104,3,0,0,0,233.918,21.898
5.3,0.813,19.124,13.548,136.208,420.076,3,0,0,0,194.048,36.99
5.3,52.95,32.77,4.64,166.293,432.807,3,0,0,0,223.125,45.138
5.3,32.211,25.241,1.298,177.698,433.376,3,0,0,0,228.8,45.625
5.3,49.206,33.4,4.307,174.021,430.815,3,0,0,0,239.799,47.169
5.3,13.347,49.581,15.504,176.488,400.667,3,0,0,0,186.666,33.37
5.3,42.29,33.358,0.939,171.572,434.23,3,0,0,0,229.582,46.185
5.3,4.571,28.902,12.508,158.763,410.959,3,0,0,0,184.388,0
5.3,22.677,34.733,9.364,137.494,430.747,3,0,0,0,186.385,37.809
5.3,2.618,21.679,14.368,157.787,411.635,3,0,0,0,176.09,28.438
5.3,19.957,36.195,15.889,167.601,426.828,3,0,0,0,189.845,42.198
5.3,21.985,34.907,21.277,156.361,427.027,3,0,0,0,222.969,42.203
5.3,46.429,33.492,3.304,162.824,432.567,3,0,0,0,231.82,46.232
5.3,25.949,35.548,20.296,157.611,429.726,3,0,0,0,196.816,41.112
5.3,7.019,30.284,12.555,150.132,422.577,3,0,0,0,197.883,34.721
5.3,4.605,22.779,12.247,116.963,416.516,3,0,0,0,194.631,4.416
5.3,8.209,35.918,12.951,121.001,422.839,3,0,0,0,205.025,33.985
5.3,20.221,38.876,10.526,163.542,425.378,3,0,0,0,189.151,38.344
5.3,46.134,34.178,4.041,174.679,435.419,3,0,0,0,218.667,44.529
5.3,39.297,32.757,0.988,172.79,432.455,3,0,0,0,227.99,45.355
5.3,0.485,18.379,14.17,144.024,424.557,3,0,0,0,197.038,35.898
5.3,6.992,22.592,10.823,166.661,424.48,3,0,0,0,190.932,39.16
5.3,1.413,20.772,12.767,150.644,412.358,3,0,0,0,184.077,28.846
5.3,8.998,31.445,7.975,141.687,415.933,3,0,0,0,198.984,4.908
5.3,39.94,1.599,32.766,104.638,436.947,3,0,0,0,220.502,22.402
5.3,7.904,1.593,6.679,163.691,425.037,3,0,0,0,190.094,2.358
5.3,5.826,1.613,3.955,114.445,422.454,3,0,0,0,191.259,1.296
5.3,12.554,1.608,11.157,143.433,425.933,3,0,0,0,183.161,4.734
5.3,18.76,1.6,14.054,151.184,423.051,3,0,0,0,190.18,14.505
5.3,105.604,1.599,87.499,164.584,443.831,3,0,0,0,240.527,21.246
5.3,4.579,1.609,5.961,109.486,418.166,3,0,0,0,195.937,3.732
5.3,12.035,1.603,7.9,118.377,420.086,3,0,0,0,186.544,3.906
5.3,71.032,1.606,59.085,159.332,442.015,3,0,0,0,228.385,25.981
5.3,17.705,1.581,11.687,150.835,427.414,3,0,0,0,188.98,2.568
5.3,65.54,1.597,48.948,150.47,433.956,3,0,0,0,223.991,18.324
5.3,15.992,1.608,18.752,172.171,429.282,3,0,0,0,209.164,15.273
5.3,43.193,1.598,48.317,113.412,437.04,3,0,0,0,231.712,25.869
5.3,6.928,1.601,3.29,129.245,429.455,3,0,0,0,193.329,3.728
5.3,1.462,1.627,5.079,74.03,429.18,3,0,0,0,190.37,1.269
5.3,40.525,1.598,30.806,134.37,436.837,3,0,0,0,209.886,20.12
5.3,4.379,1.617,3.735,138.726,423.665,3,0,0,0,193.316,0.205
5.3,97.159,1.599,80.441,146.046,438.044,3,0,0,0,237.114,24.292
5.3,15.955,1.601,8.119,133.528,425.285,3,0,0,0,189.792,6.045
5.3,6.025,1.595,3.607,137.061,417.67,3,0,0,0,179.446,4.517
5.3,50.418,1.599,35.355,162.47,435.87,3,0,0,0,217.947,23.273
5.3,17.417,1.603,13.52,136.691,434.443,3,0,0,0,194.339,19.427
5.3,11.508,1.605,12.142,134.192,423.961,3,0,0,0,181.863,2.937
5.3,36.685,1.593,27.369,137.505,427.51,3,0,0,0,211.879,14.457
5.3,11.636,32.542,11.98,123.858,436.641,3,0,0,0,194.172,42.916
5.3,8.497,69.731,33.134,110.385,429.806,3,0,0,0,200.612,44.703
5.3,17.613,32.177,12.286,108.064,436.085,3,0,0,0,199.058,42.877
5.3,6.803,1.628,5.753,135.339,422.836,3,0,0,0,191.298,4.015
5.3,40.096,206.034,74.432,149.799,439.039,3,0,0,0,229.554,48.448
5.3,2.224,21.165,14.533,166.214,429.149,3,0,0,0,196.732,38.544
5.3,49.675,211.147,57.29,144.834,439.227,3,0,0,0,221.578,47.912
5.3,2.958,1.621,5.734,87.116,420.164,3,0,0,0,190.101,0
5.3,27.503,190.435,76.202,100.455,443.034,3,0,0,0,232.367,46.968
5.3,25.505,134.738,52.665,150.732,443.061,3,0,0,0,225.362,47.408
5.3,23.726,114.399,37.622,173.294,436.059,3,0,0,0,228.736,47.136
5.3,9.101,1.595,11.508,158.5,432.832,3,0,0,0,196.43,7.408
5.3,25.067,130.145,49.549,113.346,439.931,3,0,0,0,222.016,46.551
5.3,8.67,1.598,7.564,168.14,432.42,3,0,0,0,198.793,5.693
5.3,52.782,247.094,77.908,154.509,448.078,3,0,0,0,228.36,48.536
5.3,2.499,36.118,22.147,142.776,420.959,3,0,0,0,192.969,37.762
5.3,1.823,25.521,22.93,166.625,431.566,3,0,0,0,193.945,41.17
5.3,3.468,13.476,15.646,163.111,430.666,3,0,0,0,200.127,33.807
5.3,16.177,50.665,13.439,163.997,429.781,3,0,0,0,208.279,43.926
5.3,4.258,12.665,15.097,148.44,430.299,3,0,0,0,190.402,36.449
5.3,18.649,141.173,58.593,143.329,444.491,3,0,0,0,220.989,49.739
5.3,18.449,7.08,14.832,132.443,445.261,3,0,0,0,192.443,19.332
5.3,58.862,8.988,23.922,149.423,463.834,3,0,0,0,229.577,27.481
5.3,7.478,9.03,13.012,163.855,448.554,3,0,0,0,197.917,17.441
5.3,10.773,8.783,8.055,164.113,444.745,3,0,0,0,202.873,8.073
5.3,1.888,8.835,6.606,146.465,449.874,3,0,0,0,197.2,14.594
5.3,9.437,7.504,5.947,146.945,442.934,3,0,0,0,195.103,9.647
5.3,35.452,7.552,19.781,163.362,456.331,3,0,0,0,207.598,18.768
5.3,38.806,7.908,12.981,177.623,460.393,3,0,0,0,202.516,23.387
5.3,3.46,8.558,9.31,166.225,454.819,3,0,0,0,202.005,9.647
5.3,9.78,6.866,8.04,175.634,442.819,3,0,0,0,190.982,0
5.3,10.942,6.721,12.512,111.873,452.712,3,0,0,0,195.956,3.987
5.3,38.353,8.967,16.19,166.979,457.093,3,0,0,0,209.292,21.567
5.3,11.566,7.066,10.384,154.375,451.056,3,0,0,0,198.568,1.147
5.3,1.444,6.122,9.25,79.37,461.08,3,0,0,0,202.019,40.675
5.3,64.095,254.313,64.488,130.643,470.619,3,0,0,0,240.396,49.086
5.3,64.092,254.73,64.793,130.46,469.801,3,0,0,0,240.764,49.084
5.3,1.444,6.12,9.251,79.331,461.496,3,0,0,0,202.06,40.675
5.3,1.445,6.12,9.252,79.361,461.16,3,0,0,0,202.019,40.675
5.3,64.094,254.749,64.804,130.446,468.668,3,0,0,0,240.867,49.084
5.3,63.08,1.606,47.445,161.043,441.249,3,0,0,0,226.263,16.137
5.3,38.72,1.606,31.403,170.241,443.218,3,0,0,0,220.703,17.32
5.3,14.647,1.618,10.407,173.678,434.514,3,0,0,0,195.57,10.321
5.3,9.286,1.609,10.151,156.226,430.392,3,0,0,0,186.427,7.447
5.3,17.631,1.573,14.38,157.243,419.114,3,0,0,0,200.029,2.902
5.3,55.25,1.605,49.564,172.318,437.563,3,0,0,0,232.426,22.896
5.3,57.793,1.602,42.435,152.718,428.617,3,0,0,0,224.598,17.761
5.3,10.441,1.592,5.71,99.588,414.008,3,0,0,0,177.269,0
5.3,54.214,1.6,44.628,129.186,432.073,3,0,0,0,227.679,16.449
5.3,38.677,1.595,25.165,149.688,436.028,3,0,0,0,203.976,14.368
5.3,39.907,1.603,27.51,156.123,425.266,3,0,0,0,195.409,12.44
5.3,74.361,1.606,62.857,152.127,437.663,3,0,0,0,240.42,19.651
5.3,62.293,1.606,51.182,157.784,433.81,3,0,0,0,235.004,20.639
5.3,28.536,1.611,18.175,170.026,424.068,3,0,0,0,191.666,13.917
5.3,12.428,1.596,8.138,158.095,422.13,3,0,0,0,183.006,2.624
5.3,15.638,1.592,8.6,150.032,422.566,3,0,0,0,186.412,6.35
5.3,82.345,1.606,66.083,150.626,430.433,3,0,0,0,236.893,16.817
5.3,25.013,1.603,16.23,171.05,432.387,3,0,0,0,190.823,14.759
5.3,42.264,1.617,46.428,160.152,429.446,3,0,0,0,217.568,6.86
5.3,57.252,1.606,40.845,165.33,444.25,3,0,0,0,219.068,19.38
5.3,11.841,1.611,7.664,125.969,427.422,3,0,0,0,182.087,11.451
5.3,27.713,1.605,16.197,140.059,427.309,3,0,0,0,197.312,14.855
5.3,11.973,1.62,9.78,164.534,436.707,3,0,0,0,192.176,9.77
5.3,17.429,29.422,16.356,134.945,439.093,3,0,0,0,188.539,37.351
5.3,23.578,30.778,13.164,170.586,440.481,3,0,0,0,193.523,40.799
5.3,6.649,27.015,14.114,165.674,431.765,3,0,0,0,182.897,31.664
5.3,1.082,20.655,21.574,4.607,431.351,3,0,0,0,185.261,36.074
5.3,19.139,27.833,27.353,176.486,439.723,3,0,0,0,203.17,37.403
5.3,2.652,22.996,18.748,78.163,426.284,3,0,0,0,182.681,34.695
5.3,3.234,17.701,34.956,48.591,425.259,3,0,0,0,198.32,36.39
5.3,19.588,27.335,75.194,112.794,441.305,3,0,0,0,230.044,39.931
5.3,22.812,21.44,36.24,133.912,439.827,3,0,0,0,224.347,42.78
5.3,8.065,28.102,19.87,158.609,433.334,3,0,0,0,189.615,34.354
5.3,6.418,25.338,32.072,109.089,437.841,3,0,0,0,208.869,42.11
5.3,19.189,22.915,45.299,162.821,447.305,3,0,0,0,213.364,41.03
5.3,4.185,28.208,36.359,105.391,428.08,3,0,0,0,194.139,31.308
5.3,28.835,18.726,68.238,109.23,437,3,0,0,0,232.234,38.945
5.3,6.153,39.592,34.481,120.999,435.987,3,0,0,0,195.205,35.166
5.3,31.498,22.65,65.105,113.433,438.212,3,0,0,0,220.279,42.075
5.3,70.778,8.989,43.426,131.816,473.447,4,0,0,0,240.299,26.266
5.3,63.614,7.85,50.906,122.915,461.377,4,0,0,0,225.685,9.349
5.3,34.786,7.795,11.538,119.49,463.993,4,0,0,0,217.252,13.225
5.3,8.488,6.075,6.955,82.838,457.513,4,0,0,0,207.082,5.221
5.3,113.419,8.96,61.47,146.946,471.656,4,0,0,0,254.162,24.772
5.3,3.464,6.349,7.965,86.987,462.652,4,0,0,0,189.261,3.304
5.3,45.498,6.525,42.399,117.514,459.714,4,0,0,0,228.522,9.112
5.3,14.408,6.15,24.14,137.279,461.32,4,0,0,0,205.941,10.321
5.3,32.58,7.777,14.726,145.377,460.909,4,0,0,0,199.004,11.382
5.3,63.306,7.759,40.198,129.046,473.31,4,0,0,0,239.904,18.457
5.3,5.948,6.211,12.651,111.888,455.069,4,0,0,0,199.078,0
5.3,31.825,6.505,45.83,130.588,467.671,4,0,0,0,222.368,11.551
5.3,57.089,7.849,45.471,129.539,470.303,4,0,0,0,222.443,8.965
5.3,1.848,5.828,9.279,90.244,455.741,4,0,0,0,210.494,4.35
5.3,20.068,9.036,11.75,158.158,463.008,4,0,0,0,197.786,15.775
5.3,5.577,9.047,10.194,68.509,451.767,4,0,0,0,191.561,8.124
5.3,92.173,7.807,52.59,125.024,471.444,4,0,0,0,243.78,18.233
5.3,15.12,6.281,21.665,95.696,465.361,4,0,0,0,202.705,8.095
5.3,84.018,7.885,44.187,86.148,472.983,4,0,0,0,240.213,29.759
5.3,5.666,4.383,11.231,103.111,456.041,4,0,0,0,196.842,30.585
5.3,14.696,25.796,17.956,125.263,470.429,4,0,0,0,204.194,34.117
5.3,11.355,30.812,24.995,91.557,466.123,4,0,0,0,210.183,41.75
5.3,25.837,14.862,32.728,107.708,474.477,4,0,0,0,233.677,40.231
5.3,18.641,5.289,29.121,117.399,462.093,4,0,0,0,208.781,41.222
5.3,14.705,4.784,26.743,67.87,463.855,4,0,0,0,205.923,2.568
5.3,22.696,25.327,31.064,125.51,474.591,4,0,0,0,225.99,37.762
5.3,24.781,28.699,23.14,146.024,470.649,4,0,0,0,207.67,34.14
5.3,27.757,32.352,5.92,157.831,463.973,4,0,0,0,194.865,32.833
5.3,30.833,29.608,46.634,138.966,475.119,4,0,0,0,244.173,41.693
5.3,1.91,30.584,33.928,54.207,467.665,4,0,0,0,209.094,37.525
5.3,8.028,31.616,20.286,66.403,469.667,4,0,0,0,210.678,35.635
5.3,3.619,23.113,33.238,94.326,462.73,4,0,0,0,216.755,36.294
5.3,12.663,25.884,36.391,85.765,479.479,4,0,0,0,230.046,41.569
5.3,2.88,28.968,30.281,18.102,461.572,4,0,0,0,207.77,37.984
5.3,24.554,4.7,41.731,137.186,474.315,4,0,0,0,235.599,42.346
5.3,31.011,33.265,60.353,142.423,479.015,4,0,0,0,243.721,40.909
5.3,12.672,22.681,30.098,104.545,475.264,4,0,0,0,220.373,44.561
5.3,0.842,11.259,8.64,149.08,464.014,4,0,0,0,212.596,34.353
5.3,12.891,61.822,19.221,126.83,470.051,4,0,0,0,207.935,34.48
5.3,1.758,5.941,10.95,81.782,455.761,4,0,0,0,210.161,2.64
5.3,25.225,145.647,62.858,112.594,473.372,4,0,0,0,244.05,42.458
5.3,17.732,106.996,38.113,146.096,477.397,4,0,0,0,228.1,41.536
5.3,14.04,104.588,44.031,132.508,470.848,4,0,0,0,223.94,41.169
5.3,30.695,133.648,40.841,129.069,478.012,4,0,0,0,244.167,41.755
5.3,10.392,83.463,39.136,148.681,472.136,4,0,0,0,233.509,42.008
5.3,7.307,13.86,6.102,148.516,462.401,4,0,0,0,198.021,32.384
5.3,3.375,7.238,15.462,108.171,453.783,4,0,0,0,202.048,2.405
5.3,9.15,7.728,5.766,164.09,448.382,4,0,0,0,193.83,1.022
5.3,12.922,61.638,19.969,123.089,469.662,4,0,0,0,204.918,35.293
5.3,17.329,64.306,15.807,135.201,462.099,4,0,0,0,194.678,32.014
5.3,15.956,103.096,42.631,110.308,467.263,4,0,0,0,220.443,38.541
5.3,27.155,148.031,59.026,139.822,478.848,4,0,0,0,245.253,42.171
5.3,12.442,68.841,31.674,117.331,473.073,4,0,0,0,221.294,38.592
5.3,5.732,90.693,52.511,110.347,468.216,4,0,0,0,237.576,39.501
5.3,12.867,64.945,23.108,162.895,468.735,4,0,0,0,212.402,39.045
5.3,33.374,78.331,9.678,163.381,468.007,4,0,0,0,209.421,33.387
5.3,21.135,121.107,41.293,125.891,474.725,4,0,0,0,231.463,37.072
5.3,6.886,38.023,22.963,120.59,478.311,4,0,0,0,223.723,44.792
5.3,25.972,146.701,58.531,131.72,482.485,4,0,0,0,237.989,41.76
5.3,25.983,139.498,48.689,138.605,470.857,4,0,0,0,233.513,47.653
5.3,5.067,9.062,13.693,144.571,465.964,4,0,0,0,205.046,1.694
5.3,75.644,8.968,58.938,76.861,474.245,4,0,0,0,259.241,18.65
5.3,29.946,4.79,30.134,120.759,471.33,4,0,0,0,227.183,18.309
5.3,39.954,6.483,50.069,107.212,467.987,4,0,0,0,221.546,0.92
5.3,65.893,7.664,52.492,117.628,469.009,4,0,0,0,241.623,19.148
5.3,4.065,4.188,8.998,66.441,453.571,4,0,0,0,194.446,0
5.3,97.582,7.876,53.684,124.98,478.565,4,0,0,0,252.733,24.126
5.3,68.541,7.702,50.945,106.693,461.654,4,0,0,0,246.748,8.35
5.3,57.767,7.876,47.691,67.404,473.995,4,0,0,0,243.567,22.344
5.3,100.237,8.966,49.334,133.234,477.739,4,0,0,0,249.536,19.447
5.3,59.74,5.609,33.979,107.43,465.298,4,0,0,0,219.092,9.957
5.3,8.83,5.559,20.681,138.818,457.741,4,0,0,0,204.123,0.235
5.3,91.186,7.801,57.534,118.46,473.344,4,0,0,0,244.791,22.135
5.3,48.728,8.969,35.212,85.699,472.306,4,0,0,0,227.969,19.833
5.3,3.495,6.518,8.405,91.944,455.707,4,0,0,0,192.927,0.574
5.3,18.142,6.472,27.283,103.656,460.811,4,0,0,0,206.522,3.145
5.3,26.198,4.59,45.379,73.886,470.836,4,0,0,0,239.615,8.794
5.3,25.117,13.959,45.081,99.403,478.858,4,0,0,0,232.193,39.733
5.3,11.82,30.615,33.305,107.781,476.931,4,0,0,0,218.032,33.235
5.3,54.117,5.113,65.897,107.299,477.389,4,0,0,0,240.651,39.85
5.3,28.624,15.641,47.861,96.796,474.021,4,0,0,0,244.121,36.579
5.3,37.414,32.05,25.094,123.763,474.092,4,0,0,0,222.426,38.168
5.3,50.474,29.887,14.084,140.071,468.063,4,0,0,0,224.965,32.4
5.3,31.833,34.257,41.541,106.817,473.83,4,0,0,0,234.883,42.828
5.3,32.009,4.603,49.626,109.879,465.281,4,0,0,0,231.599,10.909
5.3,16.945,23.753,26.531,34.151,475.064,4,0,0,0,212.865,34.679
5.3,27.663,30.703,57.924,87.884,479.995,4,0,0,0,249.634,37.459
5.3,38.479,31.81,13.782,135.621,466.926,4,0,0,0,205.033,35.502
5.3,26.335,31.018,27.44,127.281,474.352,4,0,0,0,218.243,34.006
5.3,16.667,13.929,53.285,88.3,475.452,4,0,0,0,223.38,38.036
5.3,33.487,30.963,22.721,122.562,480.028,4,0,0,0,231.396,37.773
5.3,22.13,4.689,42.331,133.622,468.816,4,0,0,0,235.1,42.838
5.3,29.77,10.338,43.798,116.648,474.422,4,0,0,0,229.112,33.184
5.3,17.806,30.652,51.799,78.069,471.507,4,0,0,0,232.05,42.309
5.3,29.627,32.841,47.003,111.251,473.183,4,0,0,0,241.765,37.124
5.3,14.69,30.284,43.808,89.783,468.377,4,0,0,0,219.65,39.639
5.3,13.245,32.544,33.47,120.836,473.547,4,0,0,0,213.76,35.503
5.3,23.719,33.752,61.725,69.061,477.706,4,0,0,0,233.652,38.773
5.3,26.055,30.622,60.712,113.128,480.863,4,0,0,0,242.808,41.19
5.3,17.901,26.974,18.758,64.282,467.346,4,0,0,0,208.047,36.997
5.3,36.939,156.437,47.348,153.523,469.722,4,0,0,0,230.148,38.99
5.3,44.01,147.901,34.853,124.114,474.542,4,0,0,0,230.848,39.789
5.3,5.869,6.619,7.919,149.947,467.113,4,0,0,0,200.963,33.106
5.3,28.32,146.222,53.231,145.268,471.024,4,0,0,0,240.987,42.862
5.3,27.744,148.641,53.242,116.439,474.897,4,0,0,0,233.704,37.001
5.3,5.521,6.708,12.87,156.223,474.309,4,0,0,0,216.665,32.026
5.3,20.399,146.518,69.777,147.995,474.974,4,0,0,0,247.018,40.57
5.3,66.319,9.059,43.246,109.268,463.6,4,0,0,0,226.389,45.983
5.3,22.843,142.995,60.115,152.215,478.735,4,0,0,0,236.223,43.896
5.3,36.661,181.357,58.988,118.207,479.754,4,0,0,0,244.792,40.868
5.3,8.745,6.243,17.972,110.02,466.802,4,0,0,0,217.631,3.885
5.3,25.059,137.287,58.181,141.998,476.975,4,0,0,0,249.196,37.411
5.3,3.463,6.259,10.53,65.829,464.094,4,0,0,0,216.985,0.117
5.3,31.239,151.047,54.601,154.302,467.011,4,0,0,0,226.096,42.063
5.3,26.74,151.88,64.678,132.582,485.129,4,0,0,0,260.03,35.081
5.3,28.425,142.44,47.276,158.74,484.521,4,0,0,0,243.088,41.529
5.3,24.97,140.001,50.531,148.648,470.081,4,0,0,0,234.148,37.99
5.3,40.051,11.789,19.609,168.983,429.859,3,0,0,0,214.194,7.441
5.3,25.575,11.126,9.047,145.106,435.773,3,0,0,0,204.579,17.716
5.3,58.937,25.388,12.621,152.514,431.783,3,0,0,0,217.23,20.89
5.3,89.258,25.68,22.796,147.498,442.682,3,0,0,0,235.939,24.91
5.3,35.494,24.475,14.318,131.88,432.322,3,0,0,0,201.655,19.626
5.3,4.247,11.257,10.627,66.433,435.691,3,0,0,0,180.205,10.688
5.3,4.632,14.664,16.299,91.464,426.617,3,0,0,0,191.632,12.688
5.3,23.261,23.749,9.558,150.831,439.61,3,0,0,0,233.391,25.831
5.3,9.176,14.799,11.904,168.522,423.733,3,0,0,0,188.213,5.648
5.3,6.459,11.125,16.517,91.012,422.04,3,0,0,0,191.595,0
5.3,73.029,24.987,17.577,158.202,443.392,3,0,0,0,237.443,22.553
5.3,4.596,19.346,14.382,129.818,418.266,3,0,0,0,178.902,0.884
5.3,50.96,16.106,12.397,146.792,432.344,3,0,0,0,213.375,17.421
5.3,37.246,22.985,28.572,125.072,436.745,3,0,0,0,227.337,21.392
5.3,65.087,29.739,25.501,119.593,443.944,3,0,0,0,237.963,25.269
5.3,43.633,30.009,20.877,166.886,439.01,3,0,0,0,234.773,24.243
5.3,25.092,16.831,31.03,95.379,429.326,3,0,0,0,211.713,11.488
5.3,16.696,14.644,16.546,131.972,417.093,3,0,0,0,183.138,3.614
5.3,19.05,16.033,5.993,176.323,422.704,3,0,0,0,190.138,7.174
5.3,3.976,22.752,17.403,66.613,416.786,3,0,0,0,188.851,0.984
5.3,76.203,25.638,19.466,149.264,440.464,3,0,0,0,236.229,21.931
5.3,60.4,21.04,13.75,164.344,444.54,3,0,0,0,228.743,24.611
5.3,27.429,14.294,5.575,152.847,423.293,3,0,0,0,192.659,3.12
5.3,1.054,11.162,13.462,22.76,418.628,3,0,0,0,175.987,1.97
5.3,13.157,22.228,18.95,106.803,444.813,3,0,0,0,227.386,44.079
5.3,6.318,9.508,8.664,98.756,430.051,3,0,0,0,179.867,33.878
5.3,17.089,11.829,18.522,139.296,433.026,3,0,0,0,209.902,8.1
5.3,19.878,21.106,10.872,152.361,439.312,3,0,0,0,184.481,36.123
5.3,24.791,15.351,8.595,139.674,420.076,3,0,0,0,186.055,3.539
5.3,7.818,10.4,21.615,130.332,432.643,3,0,0,0,223.6,43.333
5.3,31.719,25.481,10.746,150.187,439.363,3,0,0,0,208.611,44.77
5.3,21.339,23.155,3.732,161.495,443.022,3,0,0,0,191.437,39.676
5.3,19.336,20.845,16.234,149.287,441.269,3,0,0,0,217.664,43.948
5.3,0.183,10.154,12.962,81.126,434.026,3,0,0,0,196.778,41.254
5.3,9.49,15.768,9.211,77.564,430.239,3,0,0,0,182.185,34.397
5.3,8.911,10.06,24.843,130.699,438.522,3,0,0,0,210.116,39.885
5.3,33.62,21.987,12.681,145.87,442.535,3,0,0,0,213.833,40.462
5.3,8.249,20.326,25.479,101.419,440.064,3,0,0,0,222.795,42.065
5.3,40.036,11.787,20.557,142.811,423.197,3,0,0,0,215.387,7.47
5.3,13.341,11.04,31.34,115.905,435.109,3,0,0,0,203.492,34.226
5.3,10.285,19.467,4.784,139.933,436.956,3,0,0,0,196.669,38.5
5.3,9.603,18.955,28.585,59.394,439.524,3,0,0,0,224.166,42.706
5.3,25.565,20.682,24.579,159.035,443.878,3,0,0,0,209.818,40.286
5.3,6.912,20.565,16.765,91.568,428.962,3,0,0,0,189.447,37.344
5.3,11.941,47.638,13.888,156.335,453.095,5,0,0,0,207.297,8.918
5.3,103.668,128.329,5.749,167.288,463.599,5,0,0,0,263.764,18.498
5.3,11.942,47.64,13.887,156.335,453.095,5,0,0,0,207.276,8.918
5.3,11.937,47.632,13.888,156.335,453.095,5,0,0,0,207.168,8.918
5.3,103.681,128.337,5.747,167.289,464.197,5,0,0,0,263.737,18.498
5.3,103.685,128.341,5.746,167.285,463.687,5,0,0,0,263.753,18.498
5.3,11.94,47.636,13.888,156.337,453.095,5,0,0,0,207.259,8.918
5.3,11.94,47.636,13.888,156.337,453.095,5,0,0,0,207.283,8.918
5.3,11.944,47.642,13.887,156.337,453.095,5,0,0,0,207.258,8.918
5.3,11.937,47.632,13.888,156.336,453.095,5,0,0,0,207.167,8.918
5.3,11.941,47.635,13.886,156.336,453.095,5,0,0,0,207.208,8.918
5.3,11.937,47.632,13.888,156.336,453.095,5,0,0,0,207.167,8.918
5.3,103.668,128.329,5.749,167.288,463.599,5,0,0,0,263.764,18.498
5.3,11.937,47.632,13.888,156.336,453.095,5,0,0,0,207.183,8.918
5.3,103.681,128.337,5.747,167.289,464.197,5,0,0,0,263.737,18.498
5.3,103.681,128.337,5.747,167.289,464.197,5,0,0,0,263.737,18.498
5.3,11.937,47.632,13.888,156.336,453.095,5,0,0,0,207.167,8.918
5.3,103.68,128.336,5.747,167.289,464.197,5,0,0,0,263.834,18.498
5.3,11.942,47.64,13.887,156.335,453.095,5,0,0,0,207.277,8.918
5.3,103.668,128.329,5.749,167.288,463.599,5,0,0,0,263.764,18.498
5.3,103.681,128.337,5.747,167.289,464.197,5,0,0,0,263.799,18.498
5.3,103.68,128.336,5.747,167.289,464.197,5,0,0,0,263.834,18.498
5.3,11.938,47.634,13.888,156.338,452.878,5,0,0,0,207.349,8.918
5.3,11.935,47.629,13.888,156.336,453.095,5,0,0,0,207.186,8.918
5.3,103.68,128.336,5.747,167.289,464.197,5,0,0,0,263.834,18.498
5.3,11.94,47.636,13.888,156.337,453.095,5,0,0,0,207.289,8.918
5.3,103.68,128.336,5.747,167.289,464.197,5,0,0,0,263.834,18.498
5.3,11.945,47.644,13.887,156.337,453.095,5,0,0,0,207.352,8.918
5.3,11.94,47.636,13.888,156.337,453.095,5,0,0,0,207.259,8.918
5.3,103.68,128.336,5.747,167.289,464.197,5,0,0,0,263.834,18.498
5.3,11.941,47.638,13.889,156.335,453.095,5,0,0,0,207.257,8.918
5.3,11.943,47.642,13.887,156.338,452.878,5,0,0,0,207.246,8.918
5.3,103.68,128.336,5.747,167.289,464.197,5,0,0,0,263.834,18.498
5.3,11.94,47.636,13.888,156.337,453.095,5,0,0,0,207.176,8.918
5.3,103.68,128.336,5.747,167.289,464.197,5,0,0,0,263.834,18.498
5.3,11.941,47.636,13.887,156.341,453.095,5,0,0,0,207.189,8.918
5.3,5.677,24.691,11.651,154.278,438.681,5,0,0,0,192.005,0
5.3,11.937,47.632,13.888,156.335,453.095,5,0,0,0,207.138,8.918
5.3,103.68,128.336,5.747,167.289,464.197,5,0,0,0,263.834,18.498
5.3,11.93,47.618,13.888,156.339,452.878,5,0,0,0,207.254,8.918
5.3,103.68,128.336,5.747,167.289,464.197,5,0,0,0,263.834,18.498
5.3,103.68,128.336,5.747,167.289,464.197,5,0,0,0,263.834,18.498
5.3,103.681,128.337,5.747,167.289,464.197,5,0,0,0,263.737,18.498
5.3,103.68,128.336,5.747,167.289,464.197,5,0,0,0,263.834,18.498
5.3,30.403,29.773,11.902,160.42,454.254,5,0,0,0,198.01,27.405
5.3,40.327,37.154,5.814,150.105,454.493,5,0,0,0,214.033,26.79
5.3,27.578,29.882,11.889,159.831,459.1,5,0,0,0,219.477,30.212
5.3,22.894,32.104,8.967,168.356,459.381,5,0,0,0,223.569,30.514
5.3,40.572,32.479,5.313,155.592,462.455,5,0,0,0,229.236,42.991
5.3,28.501,37.454,13.72,151.882,457.51,5,0,0,0,208.73,43.102
5.3,9.717,10.652,9.282,159.097,429.804,5,0,0,0,186.633,23.757
5.3,1.616,22.897,15.982,131.708,450.372,5,0,0,0,205.368,34.034
5.3,29.184,28.219,14.313,160.792,456.851,5,0,0,0,207.359,28.092
5.3,18.303,28.595,14.661,143.432,454.775,5,0,0,0,204.786,26.652
5.3,24.673,40.054,9.453,159.055,461.554,5,0,0,0,223.726,42.817
5.3,11.626,25.214,12.925,156.495,466.451,5,0,0,0,228.4,41.735
5.3,2.571,21.784,13.266,112.617,451.118,5,0,0,0,204.38,33.873
5.3,3.485,23.572,15.217,133.905,453.856,5,0,0,0,202.854,29.639
5.3,51.274,66.021,8.501,158.288,462.342,5,0,0,0,222.215,28.348
5.3,20.098,25.191,7.437,130.376,460.308,5,0,0,0,221.589,31.27
5.3,24.023,24.529,10.358,143.544,455.189,5,0,0,0,208.242,31.39
5.3,39.019,43.62,9.151,154.904,453.507,5,0,0,0,211.689,28.243
5.3,23.169,24.193,16.79,154.177,458.234,5,0,0,0,207.281,27.542
5.3,9.57,21.568,13.199,145.467,460.07,5,0,0,0,225.041,35.849
5.3,25.145,22.474,15.278,152.682,450.608,5,0,0,0,206.16,26.252
5.3,13.012,50.421,14.537,143.333,452.399,5,0,0,0,199.644,28.083
5.3,38.533,29.886,8.981,161.166,463.416,5,0,0,0,208.313,26.1
5.3,20.994,22.346,13.562,134.103,459.685,5,0,0,0,221.689,36.986
5.3,28.409,22.329,10.93,151.503,454.102,5,0,0,0,217.187,29.388
5.3,54.307,65.901,9.215,166.828,463.519,5,0,0,0,227.894,28.654
5.3,2.549,20.493,12.636,132.48,449.175,5,0,0,0,205.398,34.165
5.3,19.56,41.182,6.952,160.77,460.778,5,0,0,0,215.802,30.22
5.3,51.992,86.574,10.614,166.191,460.336,5,0,0,0,231.885,29.087
5.3,18.913,51.73,11.164,167.235,467.171,5,0,0,0,223.363,35.152
5.3,54.695,80.934,13.262,161.739,459.746,5,0,0,0,232.401,43.014
5.3,18.913,51.73,11.164,167.235,467.171,5,0,0,0,223.363,35.152
5.3,57.712,96.12,13.28,156.452,460.621,5,0,0,0,223.489,37.873
5.3,21.585,52.943,8.893,162.112,460.31,5,0,0,0,217.929,37.381
5.3,18.913,51.731,11.164,167.235,467.171,5,0,0,0,223.363,35.152
5.3,21.585,52.943,8.893,162.112,460.31,5,0,0,0,217.929,37.381
5.3,24.13,52.943,7.192,163.718,460.621,5,0,0,0,223.489,37.873
5.3,2.348,29.328,21.013,129.95,460.31,5,0,0,0,217.929,37.381
5.3,57.712,96.12,13.28,156.452,460.621,5,0,0,0,223.489,37.873
5.3,21.585,52.943,8.893,162.112,460.31,5,0,0,0,217.929,37.381
5.3,57.712,96.12,13.28,156.452,460.621,5,0,0,0,223.489,37.873
5.3,18.913,51.73,11.164,167.235,467.171,5,0,0,0,223.363,35.152
5.3,18.913,51.73,11.164,167.235,467.171,5,0,0,0,223.363,35.152
5.3,51.011,80.166,14.101,159.261,461.008,5,0,0,0,227.256,36.428
5.3,5.046,11.527,2.36,127.664,436.292,5,0,0,0,192.518,0
5.3,50.032,76,4.37,179.317,459.207,5,0,0,0,235.748,29.925
5.3,56.68,120.205,12.323,165.921,460.19,5,0,0,0,221.448,27.004
5.3,6.583,15.138,4.712,148.531,439.666,5,0,0,0,187.783,11.375
5.3,3.857,14.314,5.468,163.608,420.914,5,0,0,0,187.564,9.587
5.3,39.728,67.525,5.424,173.808,447.377,5,0,0,0,208.773,23.196
5.3,48.532,105.761,11.434,174.298,455.251,5,0,0,0,216.07,28.083
5.3,13.491,26.049,3.149,151.832,443.935,5,0,0,0,195.59,15.502
5.3,12.041,20.335,1.267,168.318,446.583,5,0,0,0,205.103,6.116
5.3,83.908,131.044,5.283,174.344,455.88,5,0,0,0,274.654,31.587
5.3,17.11,28.129,3.315,167.321,440.181,5,0,0,0,197.723,8.733
5.3,9.8,20.242,3.669,165.246,440.761,5,0,0,0,204.114,15.627
5.3,6.522,12.645,1.223,173.365,443.969,5,0,0,0,194.147,7.213
5.3,13.331,20.125,1.219,177.84,444.164,5,0,0,0,200.457,14.391
5.3,17.845,35.237,4.599,168.716,444.397,5,0,0,0,195.724,17.08
5.3,13.785,17.758,0.815,163.686,441.674,5,0,0,0,206.445,5.858
5.3,19.824,41.838,5.092,169.474,449.934,5,0,0,0,201.737,24.618
5.3,79.465,133.879,7.221,173.2,458.701,5,0,0,0,246.648,32.727
5.3,3.636,15.768,5.203,160.417,439.277,5,0,0,0,187.147,12.363
5.3,9.057,13.63,1.209,176.663,429.47,5,0,0,0,196.39,5.029
5.3,40.214,81.965,8.366,163.477,454.657,5,0,0,0,216.374,28.922
5.3,34.149,54.535,3.395,168.294,448.217,5,0,0,0,220.017,23.267
5.3,13.039,17.086,4.877,174.036,457.714,5,0,0,0,222.327,40.728
5.3,16.068,9.058,5.802,172.805,458.364,5,0,0,0,221.643,43.836
5.3,9.856,6.77,5.455,158.184,447.918,5,0,0,0,212.176,39.905
5.3,17.408,9.501,5.051,178.298,456.527,5,0,0,0,218.248,46.788
5.3,25.999,16.369,8.356,175.492,454.606,5,0,0,0,221.336,47.379
5.3,18.887,8.935,7.034,165.752,448.328,5,0,0,0,220.336,46.793
5.3,29.89,17.627,4.579,177.307,455.29,5,0,0,0,209.742,44.038
5.3,17.509,9.949,3.469,177.889,449.95,5,0,0,0,214.92,46.963
5.3,22.799,17.662,11.982,177.485,460.569,5,0,0,0,216.929,40.821
5.3,14.966,9.13,4.655,178.745,457.273,5,0,0,0,215.84,45.171
5.3,13.271,17.516,2.903,168.211,463.783,5,0,0,0,229.153,41.026
5.3,10.752,17.312,3.76,165.033,460.495,5,0,0,0,219.236,39.789
5.3,13.807,17.543,5.208,159.91,452.881,5,0,0,0,225.398,42.605
5.3,20.553,9.132,8.393,166.241,455.834,5,0,0,0,217.986,43.926
5.3,12.098,6.806,5.253,171.98,450.951,5,0,0,0,215.599,40.145
5.3,22.706,10.586,7.442,172.291,459.973,5,0,0,0,221.827,46.023
5.3,14.119,10.378,6.974,167.822,459.832,5,0,0,0,219.975,46.567
5.3,27.948,17.267,3.627,178.033,454.75,5,0,0,0,208.005,38.648
5.3,19.724,10.786,10.482,161.653,454.823,5,0,0,0,222.103,45.831
5.3,13.223,6.763,4.401,158.439,448.76,5,0,0,0,214.104,39.976
5.3,11.89,17.02,5.292,165.755,452.363,5,0,0,0,221.614,43.629
5.3,13.39,10.638,1.446,175.142,437.292,5,0,0,0,193.276,30.692
5.3,22.484,17.408,3.278,179.104,448.616,5,0,0,0,233.031,40.87
5.3,25.886,11.592,11.937,177.443,448.811,5,0,0,0,207.289,43.155
5.3,63.523,94.78,3.28,171.339,448.6,5,0,0,0,216.174,41.491
5.3,23.751,8.239,7.35,173.354,454.187,5,0,0,0,230.308,54.038
5.3,5.815,7.423,2.028,174.437,438.573,5,0,0,0,197.65,36.258
5.3,16.524,8.4,6.714,171.972,457.518,5,0,0,0,211.507,47.015
5.3,24.387,6.446,9.369,167.441,458.613,5,0,0,0,208.447,47.453
5.3,36.489,8.106,12.175,162.403,457.075,5,0,0,0,216.355,52.506
5.3,24.105,6.318,9.347,144.142,452.792,5,0,0,0,216.937,49.168
5.3,11.596,6.263,5.283,170.574,456.561,5,0,0,0,216.786,47.172
5.3,17.643,20.874,0.519,177.595,445.743,5,0,0,0,198.155,5.961
5.3,21.865,8.361,9.786,170.698,452.228,5,0,0,0,203.581,48.821
5.3,16.193,6.407,7.955,177.674,451.179,5,0,0,0,202.494,45.333
5.3,6.945,6.506,6.528,177.509,458.013,5,0,0,0,213.192,50.482
5.3,14.502,6.357,6.725,167.623,458.332,5,0,0,0,227.561,48.503
5.3,2.656,7.921,1.707,166.886,444.857,5,0,0,0,200.659,37.744
5.3,19.955,7.34,4.968,146.647,458.808,5,0,0,0,224.189,52.173
5.3,6.533,7.584,5.11,165.344,457.98,5,0,0,0,222.342,51.508
5.3,52.565,83.097,3.818,174.301,447.708,5,0,0,0,219.005,45.258
5.3,5.552,6.098,5.272,165.492,446.448,5,0,0,0,194.127,44.772
5.3,6.237,11.006,1.024,176.476,442.183,5,0,0,0,197.775,3.99
5.3,5.671,6.111,3.819,175.639,442.991,5,0,0,0,197.132,47.046
5.3,36.284,8.282,11.491,164.023,458.743,5,0,0,0,211.067,47.276
5.3,16.113,6.33,5.604,138.823,453.079,5,0,0,0,226.558,45.511
5.3,61.867,95.134,4.235,177.65,446.711,5,0,0,0,213.286,42.218
5.3,18.466,8.188,5.821,172.209,457.767,5,0,0,0,224.239,48.518
5.3,69.394,119.145,6.706,171.956,448.908,5,0,0,0,214.818,41.679
5.3,60.523,101.634,5.445,163.12,443.576,5,0,0,0,209.702,42.351
5.3,68.218,114.614,6.613,168.219,453.011,5,0,0,0,216.795,41.667
5.3,5.257,7.129,7.636,176.862,458.014,5,0,0,0,230.592,45.843
5.3,20.562,7.951,5.946,177.119,453.516,5,0,0,0,211.229,49.363
5.3,3.476,6.901,5.325,171.235,443.244,5,0,0,0,199.437,38.235
5.3,17.197,6.262,5.419,141.653,458.256,5,0,0,0,220.759,48.011
5.3,2.221,6.265,1.787,144.483,450.284,5,0,0,0,202.899,36.674
5.3,10.532,19.514,2.242,167.725,435.144,5,0,0,0,197.67,10.92
5.3,12.463,20.541,1.801,176.107,433.712,5,0,0,0,201.254,12.828
5.3,15.33,32.411,4.949,171.476,437.444,5,0,0,0,198.306,9.011
5.3,10.444,16.695,1.131,172.839,432.426,5,0,0,0,190.2,0
5.3,72.004,120.018,6.429,179.299,453.291,5,0,0,0,236.897,31.652
5.3,5.031,15.322,5.186,172.142,435.295,5,0,0,0,189.796,6.896
5.3,10.451,14.618,2.21,165.206,430.54,5,0,0,0,188.419,1.876
5.3,9.965,22.502,3.785,176.079,436.286,5,0,0,0,189.744,5.302
5.3,15.331,38.236,6.524,155.434,436.38,5,0,0,0,201.038,12.435
5.3,6.23,21.008,5.348,155.846,435.047,5,0,0,0,182.36,10.164
5.3,13.892,34.159,5.461,168.364,430.599,5,0,0,0,184.407,10.022
5.3,56.482,95.011,5.886,168.436,447.469,5,0,0,0,221.501,25.098
5.3,8.988,20.834,3.641,155.157,431.161,5,0,0,0,194.258,18.684
5.3,7.892,14.023,1.286,168.244,433.689,5,0,0,0,195.402,4.001
5.3,18.241,35.652,3.668,157.511,446.173,5,0,0,0,195.724,22.174
5.3,20.767,37.711,3,176.284,433.989,5,0,0,0,198.339,13.232
5.3,22.769,30.151,0.804,172.416,442.542,5,0,0,0,200.549,13.56
5.3,16.479,25.983,2.844,172.836,437.15,5,0,0,0,198.271,9.362
5.3,8.333,11.82,1.853,174.968,437.128,5,0,0,0,195.756,9.131
5.3,71.912,105.055,3.712,171.977,458.364,5,0,0,0,240.458,31.48
5.3,22.31,34.417,2.501,164.815,448.3,5,0,0,0,198.381,25.543
5.3,49.052,99.23,9.123,175.199,452.169,5,0,0,0,217.027,24.729
5.3,8.732,14.681,1.844,158.197,431.458,5,0,0,0,190.468,2.826
5.3,6.895,16.227,2.379,165.833,426.736,5,0,0,0,185.19,6.011
5.3,16.051,20.395,0.68,174.97,441.911,5,0,0,0,198.441,15.865
5.3,30.407,64.931,6.716,178.079,443.481,5,0,0,0,208.422,26.794
5.3,16.948,25.074,2.9,161.724,438.903,5,0,0,0,199.546,5.909
5.3,28.318,53.976,4.995,175.324,453.001,5,0,0,0,204.152,24.245
5.3,13.197,30.136,5.01,174.778,451.817,5,0,0,0,217.723,47.361
5.3,13.127,18.898,2.596,168.69,449.907,5,0,0,0,216.12,49.318
5.3,20.669,38.037,4.546,169.695,445.949,5,0,0,0,211.101,10.248
5.3,2.371,10.017,4.641,150.575,441.644,5,0,0,0,208.673,47.596
5.3,15.037,29.287,8.239,174.104,449.763,5,0,0,0,214.092,46.864
5.3,13.885,16.627,5.542,173.484,450.966,5,0,0,0,214.461,51.178
5.3,12.028,27.941,3.995,169.466,439.555,5,0,0,0,192.24,13.696
5.3,11.788,29.991,9.027,158.225,445.203,5,0,0,0,205.803,44.558
5.3,12.358,29.667,4.18,176.282,446.489,5,0,0,0,215.813,44.45
5.3,9.234,17.708,2.269,174.332,423.963,5,0,0,0,197.146,14.174
5.3,6.148,9.843,2.826,156.076,445.852,5,0,0,0,215.406,48.513
5.3,25.401,30.106,3.547,172.746,455.019,5,0,0,0,201.686,45.758
5.3,11.39,15.417,7.491,169.88,445.794,5,0,0,0,199.466,48.195
5.3,24.074,30.187,1.963,177.677,442.975,5,0,0,0,200.025,41.795
5.3,30.27,28.787,4.138,169.072,454.546,5,0,0,0,205.405,48.865
5.3,11.987,27.785,6.868,170.243,443.44,5,0,0,0,213.824,45.897
5.3,15.869,29.565,7.742,175.443,451.352,5,0,0,0,196.513,44.418
5.3,18.605,12.95,4.482,178.334,440.65,5,0,0,0,197.888,45.928
5.3,29.912,17.541,8.086,167.018,449.786,5,0,0,0,207.922,47.968
5.3,21.181,12.23,2.003,167.893,452.018,5,0,0,0,211.462,45.681
5.3,13.261,6.845,3.348,173.565,449.463,5,0,0,0,217.518,45.229
5.3,14.935,9.559,3.694,158.155,449.427,5,0,0,0,216.043,44.546
5.3,8.283,8.815,3.743,156.874,453.604,5,0,0,0,193.524,48.527
5.3,20.307,11.909,4.902,179.232,444.349,5,0,0,0,210.637,43.302
5.3,19.444,11.106,3.337,165.281,454.5,5,0,0,0,221.911,47.991
5.3,13.016,11.789,0.512,163.46,435.493,5,0,0,0,197.525,42.277
5.3,19.271,9.516,4.252,171.469,454.661,5,0,0,0,202.392,49.091
5.3,13.889,22.521,2.854,173.499,424.742,5,0,0,0,184.348,8.643
5.3,23.611,17.276,3.127,178.723,460.231,5,0,0,0,222.806,48.4
5.3,14.556,16.821,6.037,157.008,453.094,5,0,0,0,221.934,47.075
5.3,31.219,17.553,4.206,173.486,456.108,5,0,0,0,214.806,47.584
5.3,29.656,17.932,6.03,154.092,460.397,5,0,0,0,210.101,48.149
5.3,13.268,17.013,3.879,166.372,458.694,5,0,0,0,229.345,52.981
5.3,14.394,25.561,1.883,162.366,439.79,5,0,0,0,212.043,16.099
5.3,22.233,9.406,6.629,171.79,450.688,5,0,0,0,205.674,48.638
5.3,12.67,9.82,7.25,147.65,446.613,5,0,0,0,209.997,43.214
5.3,14.137,9.987,7.134,161.232,448.626,5,0,0,0,205.232,43.616
5.3,23.648,17.35,6.499,161.563,448.113,5,0,0,0,200.723,45.896
5.3,21.803,9.244,3.519,165.87,446.947,5,0,0,0,202.389,40.582
5.3,27.714,16.241,4.985,171.923,445.856,5,0,0,0,204.886,49.488
5.3,1.863,6.097,1.853,157.471,434.58,5,0,0,0,198.275,41.645
5.3,12.014,19.737,1.562,177.771,447.449,5,0,0,0,199.453,8.674
5.3,27.09,45.527,5.178,164.477,438.559,5,0,0,0,191.789,46.927
5.3,7.884,6.418,1.563,178.285,441.619,5,0,0,0,201.868,48.205
5.3,8.409,6.24,3.467,150.684,453.735,5,0,0,0,219.469,47.977
5.3,5.911,11.621,1.75,175.737,437.789,5,0,0,0,195.084,6.87
5.3,5.109,6.297,1.176,175.723,450.553,5,0,0,0,199.971,46.962
5.3,11.153,18.409,1.197,159.213,412.932,5,0,0,0,192.217,34.909
5.3,19.999,7.325,4.999,178.346,453.407,5,0,0,0,200.82,49.03
5.3,11.861,6.972,6.253,147.347,443.307,5,0,0,0,196.544,49.797
5.3,11.957,16.296,0.378,175.714,439.075,5,0,0,0,195.298,13.908
5.3,5.229,7.833,6.175,172.321,445.087,5,0,0,0,195.452,48.25
5.3,18.693,6.281,4.912,168.331,448.831,5,0,0,0,218.741,49.746
5.3,57.815,82.681,4.67,174.14,443.936,5,0,0,0,208.468,47.212
5.3,5.105,6.351,0.613,175.335,445.377,5,0,0,0,199.778,40.605
5.3,2.627,6.14,1.947,137.349,437.13,5,0,0,0,192.681,36.528
5.3,2.894,6.313,4.354,160.082,440.261,5,0,0,0,194.272,43.363
5.3,23.515,42.743,3.986,176.876,428.942,5,0,0,0,198.536,36.214
5.3,4.711,6.278,1.427,174.749,442.486,5,0,0,0,197.894,46.8
5.3,8.289,7.368,1.753,175.46,449.475,5,0,0,0,205.552,49.301
5.3,14.71,8.853,19.31,161.956,474.43,5,0,0,0,223.298,26.262
5.3,104.177,7.862,56.97,137.054,475.317,5,0,0,0,250.379,21.174
5.3,21.234,6.305,22.283,96.926,469.611,5,0,0,0,219.015,16.865
5.3,37.409,5.787,34.229,84.344,465.801,5,0,0,0,214.127,5.573
5.3,42.376,6.123,47.672,123.264,475.283,5,0,0,0,237.584,15.132
5.3,24.582,6.531,23.933,119.681,461.734,5,0,0,0,208.614,13.87
5.3,76.079,7.878,39.364,106.766,482.258,5,0,0,0,245.537,27.102
5.3,94.306,7.765,65.714,110.969,491.723,5,0,0,0,255.685,28.321
5.3,44.039,4.89,48.192,124.571,472.684,5,0,0,0,235.979,9.538
5.3,5.083,5.647,6.052,69.381,464.203,5,0,0,0,202.365,8.508
5.3,2.178,6.066,8.228,80.557,466.643,5,0,0,0,213.169,0
5.3,9.899,5.431,4.301,134.066,467.327,5,0,0,0,213.353,10.331
5.3,25.759,5.889,44.041,137.185,472.062,5,0,0,0,228.685,10.288
5.3,86.703,7.862,45.747,124.471,481.429,5,0,0,0,248.225,27.193
5.3,3.192,5.013,7.983,77.876,473.889,5,0,0,0,204.778,11.955
5.3,36.573,4.602,55.068,89.784,478.002,5,0,0,0,243.793,21.594
5.3,46.192,7.885,36.038,65.086,485.794,5,0,0,0,243.454,29.224
5.3,48.458,4.895,54.107,119.476,475.7,5,0,0,0,233.223,10.745
5.3,1.164,6.07,8.493,67.717,462.162,5,0,0,0,214.154,1.982
5.3,98.093,8.989,68.692,127.361,482.995,5,0,0,0,256.029,23.252
5.3,58.617,8.992,25.185,107.444,480.586,5,0,0,0,237.551,31.332
5.3,3.838,4.961,9.389,100.201,472.84,5,0,0,0,204.561,14.123
5.3,46.797,4.892,53.671,136.04,468.677,5,0,0,0,236.318,11.363
5.3,31.023,27.363,7.405,157.411,480.568,5,0,0,0,206.667,30.172
5.3,40.7,28.797,4.995,176.742,482.266,5,0,0,0,218.88,34.066
5.3,29.234,23.928,44.271,131.469,482.28,5,0,0,0,230.9,48.83
5.3,45.637,22.993,15.229,172.825,487.796,5,0,0,0,231.147,34.29
5.3,30.57,25.629,37.249,135.394,491.677,5,0,0,0,231.203,45.439
5.3,18.229,30.048,5.213,153.804,480.226,5,0,0,0,198.265,32.655
5.3,42.458,26.704,13.221,156.105,482.335,5,0,0,0,227.656,33.337
5.3,33.155,24.901,4.47,147.306,477.196,5,0,0,0,210.184,32.858
5.3,43.182,28.799,5.49,151.677,478.399,5,0,0,0,211.304,27.893
5.3,25.766,34.109,48.548,153.322,489.009,5,0,0,0,239.265,35.268
5.3,31.186,15.713,39.695,132.151,481.282,5,0,0,0,236.722,32.437
5.3,23.215,34.164,7.397,154.866,468.401,5,0,0,0,199.225,47.894
5.3,21.664,15.479,65.532,114.064,484.021,5,0,0,0,239.548,31.614
5.3,40.999,31.77,36.349,172.146,490.132,5,0,0,0,241.725,50.012
5.3,47.251,4.635,59.318,135.502,473.342,5,0,0,0,236.36,10.551
5.3,7.629,15.398,23.659,100.599,475.336,5,0,0,0,209.719,35.709
5.3,10.285,14.451,7.943,157.717,471.232,5,0,0,0,195.501,36.61
5.3,22.987,10.207,61.072,116.569,480.471,5,0,0,0,240.504,30.276
5.3,2.968,24.653,26.688,77.454,475.832,5,0,0,0,207.846,43.283
5.3,23.26,10.255,61.935,112.265,478.395,5,0,0,0,242.26,29.211
5.3,33.289,14.919,21.726,162.618,484.002,5,0,0,0,221.074,41.786
5.3,31.019,25.43,5.681,149.572,477.513,5,0,0,0,202.294,30.994
5.3,29.396,25.236,39.036,143.887,485.812,5,0,0,0,229.701,43.141
5.3,24.211,29.101,43.55,103.524,482.275,5,0,0,0,240.427,34.021
5.3,34.805,4.608,39.688,121.213,479.498,5,0,0,0,240.452,6.798
5.3,37.308,30.01,3.605,158.16,482.823,5,0,0,0,215.633,35.73
5.3,49.239,28.855,18.903,146.285,486.149,5,0,0,0,232.17,49.246
5.3,23.652,37.993,44.691,61.187,483.996,5,0,0,0,234.346,39.37
5.3,22.154,4.964,15.812,90.895,489.147,5,0,0,0,235.543,36.501
5.3,41.078,6.02,17.564,136.552,483.461,5,0,0,0,235.077,35.141
5.3,23.275,40.156,47.92,134.89,481.3,5,0,0,0,237.471,40.111
5.3,44.433,7.722,37.13,88.52,479.66,5,0,0,0,225.261,40.522
5.3,45.839,9.212,39.494,33.185,490.619,5,0,0,0,227.326,39.164
5.3,15.413,11.947,27.427,119.093,485.183,5,0,0,0,232.973,41.861
5.3,42.244,7.141,44.129,156.506,483.142,5,0,0,0,240.187,39.381
5.3,33.296,37.736,4.823,169.59,483.018,5,0,0,0,210.376,41.852
5.3,67.032,5.156,58.617,81.237,487.672,5,0,0,0,237.62,38.308
5.3,15.214,13.181,51.502,146.306,482.253,5,0,0,0,238.426,41.546
5.3,3.402,9.148,7.372,141.322,482.346,5,0,0,0,215.58,35.425
5.3,42.578,5.79,32.314,71.771,474.312,5,0,0,0,223.071,9.612
5.3,31.201,47.56,14.003,112.771,475.368,5,0,0,0,216.044,37.195
5.3,12.337,6.367,28.596,86.248,488.691,5,0,0,0,232.554,29.905
5.3,9.096,31.003,59.092,72.228,486.066,5,0,0,0,236.421,36.866
5.3,41.544,7.742,28.095,151.988,479.747,5,0,0,0,237.331,35.557
5.3,3.709,9.13,8.325,125.196,478.88,5,0,0,0,201.45,31.71
5.3,3.729,7.616,7.518,160.144,474.155,5,0,0,0,221.072,29.462
5.3,21.075,35.012,31.304,119.047,488.851,5,0,0,0,239.409,32.159
5.3,92.428,9.174,55.798,130.829,481.878,5,0,0,0,237.133,30.923
5.3,64.667,5.232,39.823,132.54,482.026,5,0,0,0,236.56,34.959
5.3,3.336,8.564,6.427,148.517,475.365,5,0,0,0,218.793,40.477
5.3,44.8,126.942,27.125,165.621,485.27,5,0,0,0,236.966,46.387
5.3,5.893,11.507,4.595,143.077,476.321,5,0,0,0,209.337,39.814
5.3,18.834,4.826,41.401,50.5,475.784,5,0,0,0,234.112,42.366
5.3,44.394,158.051,41.871,125.274,482.253,5,0,0,0,235.759,48.642
5.3,24.488,103.102,36.967,163.752,480.607,5,0,0,0,231.73,47.849
5.3,25.041,126.037,45.963,103.127,486.688,5,0,0,0,252.278,48.411
5.3,20.395,97.232,36.285,166.56,484.916,5,0,0,0,244.468,49.328
5.3,3.238,33.072,18.252,113.729,464.623,5,0,0,0,209.545,36.627
5.3,41.906,128.41,36.656,140.388,490.143,5,0,0,0,241.295,47.205
5.3,51.032,148.083,27.888,178.455,490.227,5,0,0,0,240.532,47.716
5.3,54.636,213.761,53.292,147.737,485.266,5,0,0,0,239.309,46.658
5.3,34.943,141.266,44.374,161.833,485.181,5,0,0,0,241.949,48.803
5.3,33.364,114.594,34.819,152.262,475.689,5,0,0,0,237.012,47.068
5.3,10.451,8.685,10.104,148.233,456.897,5,0,0,0,193.275,2.319
5.3,54.629,196.193,44.849,129.902,476.135,5,0,0,0,235.721,43.395
5.3,54.996,231.72,64.716,138.552,487.203,5,0,0,0,251.792,45.99
5.3,7.017,8.868,5.946,144.001,464.528,5,0,0,0,211.779,2.435
5.3,46.071,214.399,65.14,154.205,485.93,5,0,0,0,253.745,51.241
5.3,57.38,214.86,51.779,174.75,493.076,5,0,0,0,236.923,48.744
5.3,8.349,4.995,4.928,166.108,475.735,5,0,0,0,212.862,10.882
5.3,29.55,157.204,56.138,127.836,477.602,5,0,0,0,237.718,39.793
5.3,41.474,159.323,46.683,125.762,485.06,5,0,0,0,240.478,46.94
5.3,19.631,95.13,36.812,102.112,483.143,5,0,0,0,242.853,45.813
5.3,82.698,7.057,52.96,107.398,486.616,5,0,0,0,238.689,51.404
5.3,32.059,107.348,31.025,138.685,491.399,5,0,0,0,238.396,46.077
5.3,2.967,4.454,7.641,145.084,459.614,5,0,0,0,205.951,1.61
5.3,1.543,6.196,6.806,168.298,471.496,5,0,0,0,206.971,6.383
5.3,1.81,8.394,9.034,100.465,460.902,5,0,0,0,204.095,7.948
5.3,89.751,7.838,49.596,134.239,481.537,5,0,0,0,253.123,28.009
5.3,88.633,7.818,62.673,141.359,483.675,5,0,0,0,257.937,28.256
5.3,57.605,7.459,29.219,173.533,474.846,5,0,0,0,228.305,29.364
5.3,69.285,8.18,50.386,119.939,474.199,5,0,0,0,233.317,27.32
5.3,111.625,9.013,67.26,142.947,485.909,5,0,0,0,260.237,29.718
5.3,97.574,8.969,60.014,144.432,488.394,5,0,0,0,253.626,32.653
5.3,25.512,7.325,31.677,115.123,472.44,5,0,0,0,212.091,21.431
5.3,3.351,6.32,8.147,136.844,472.045,5,0,0,0,208.136,10.016
5.3,1.056,6.316,7.965,112.958,465.703,5,0,0,0,208.432,8.206
5.3,11.233,7.794,9.748,159.915,463.793,5,0,0,0,205.578,17.784
5.3,3.225,6.707,8.597,179.485,471.122,5,0,0,0,212.71,3.517
5.3,73.672,7.904,42.663,157.821,481.26,5,0,0,0,261.304,31.67
5.3,3.871,4.785,9.443,151.12,466.866,5,0,0,0,217.489,7.334
5.3,84.765,8.962,48.708,140.882,490.632,5,0,0,0,252.064,39.457
5.3,117.431,7.797,76.324,145.209,487.524,5,0,0,0,257.655,29.697
5.3,13.959,6.92,28.756,148.818,469.456,5,0,0,0,200.156,11.028
5.3,6.402,9.101,9.324,160.707,475.481,5,0,0,0,211.612,6.553
5.3,41.871,9.102,37.197,141.743,475.711,5,0,0,0,252.154,31.843
5.3,3.936,5.852,17.429,140.065,466.698,5,0,0,0,211.877,6.262
5.3,64.896,8.478,49.435,98.704,469.051,5,0,0,0,240.276,31.649
5.3,42.043,4.519,43.748,97.865,467.538,5,0,0,0,240.051,27.825
5.3,55.404,5.621,67.047,144.462,477.757,5,0,0,0,246.563,21.108
5.3,6.781,8.819,8.457,158.53,454.653,5,0,0,0,194.931,12.38
5.3,5.333,9.939,28.54,114.105,471.961,5,0,0,0,208.277,37.848
5.3,21.624,31.006,50.725,146.292,482.638,5,0,0,0,246.475,49.57
5.3,15.835,9.905,45.773,125.311,483.362,5,0,0,0,232.441,46.343
5.3,27.303,10.298,16.692,151.002,481.396,5,0,0,0,233.404,38.986
5.3,30.36,10.028,30.853,134.185,477.205,5,0,0,0,230.728,48.388
5.3,35.869,10.355,47.876,148.168,482.329,5,0,0,0,245.194,41.937
5.3,24.417,15.75,73.646,132.67,483.572,5,0,0,0,245.923,44.494
5.3,32.581,30.896,39.08,140.913,485.98,5,0,0,0,232.935,45.97
5.3,22,31.264,53.643,139.133,485.003,5,0,0,0,248.21,47.079
5.3,4.535,14.729,24.167,165.216,477.03,5,0,0,0,211.552,44.12
5.3,22.166,15.703,38.696,155.103,480.701,5,0,0,0,236.399,45.243
5.3,20.854,9.826,35.095,155.058,481.687,5,0,0,0,238.052,39.028
5.3,41.531,25.351,7.47,177.393,471.228,5,0,0,0,211.904,40.422
5.3,22.254,30.616,40.43,156.265,488.826,5,0,0,0,236.387,43.907
5.3,8.982,31.666,33.641,157.449,485.32,5,0,0,0,215.943,45.105
5.3,7.367,32.807,63.557,120.353,491.022,5,0,0,0,250.407,51.997
5.3,32.446,25.341,45.866,158.287,488.354,5,0,0,0,243.504,43.88
5.3,25.334,31.024,24.838,136.887,487.937,5,0,0,0,218.995,50.669
5.3,44.288,36.195,9.248,157.41,479.654,5,0,0,0,224.263,48.355
5.3,9.934,31.111,62.88,124.261,485.54,5,0,0,0,252.785,48.548
5.3,4.483,28.072,50.39,124.273,484.288,5,0,0,0,228.776,49.712
5.3,19.678,32.441,51.652,111.093,483.899,5,0,0,0,237.863,52.787
5.3,22.712,31.688,50.127,109.482,485.448,5,0,0,0,240.532,49.645
5.3,37.964,9.162,31.528,161.09,485.725,5,0,0,0,234.296,39.099
5.3,46.797,162.647,37.999,136.629,481.015,5,0,0,0,226.386,40.254
5.3,29.135,128.361,41.344,146.4,489.241,5,0,0,0,233.452,42.642
5.3,8.727,9.094,15.74,133.289,472.781,5,0,0,0,207.164,32.352
5.3,3.22,4.517,13.813,141.548,464.315,5,0,0,0,213.355,5.432
5.3,33.792,151.368,45.221,174.315,490.277,5,0,0,0,241.234,46.594
5.3,47.44,200.917,53.535,138.767,489.084,5,0,0,0,239.562,43.734
5.3,28.372,81.925,16.055,141.719,479.949,5,0,0,0,220.091,40.751
5.3,0.904,6.359,8.163,92.784,469.722,5,0,0,0,215.926,6.704
5.3,22.707,116.352,49.058,160.37,489.256,5,0,0,0,239.45,46.222
5.3,17.486,91.279,35.683,144.128,483.907,5,0,0,0,235.286,39.144
5.3,35.938,146.419,42.613,127.937,481.693,5,0,0,0,231.941,40.603
5.3,18.972,68.732,22.231,149.182,487.046,5,0,0,0,233.311,35.878
5.3,33.203,182.394,67.201,146.314,485.687,5,0,0,0,242.192,36.027
5.3,32.83,130.877,33.308,126.25,484.758,5,0,0,0,226.321,47.106
5.3,101.02,9.185,60.563,121.098,487.592,5,0,0,0,245.253,43.557
5.3,10.782,9.007,8.443,162.122,471.273,5,0,0,0,189.505,8.576
5.3,31.009,194.123,73.319,123.21,489.681,5,0,0,0,247.455,38.507
5.3,49.757,191.883,47.929,141.897,487.009,5,0,0,0,230.26,48.338
5.3,101.948,9.169,61.88,157.004,487.066,5,0,0,0,250.2,37.612
5.3,59.806,4.71,58.023,125.314,477.928,5,0,0,0,243.612,41.835
5.3,21.613,119.459,48.326,149.932,477.685,5,0,0,0,245.822,38.772
5.3,10.426,7.868,5.85,156.875,472.548,5,0,0,0,211.07,33.136
5.3,53.646,236.715,70.742,140.419,484.719,5,0,0,0,242.144,36.267
5.3,59.277,181.662,37.609,136.763,487.467,5,0,0,0,235.022,38.49
5.3,51.519,157.474,29.619,144.154,488.81,5,0,0,0,229.903,54.279
5.3,53.214,175.491,39.32,169.652,490.355,5,0,0,0,241.698,46.121
5.3,47.893,152.972,33.558,177.228,477.953,5,0,0,0,228.987,36.175
5.3,44.555,174.516,44.49,141.272,479.286,5,0,0,0,232.07,40.557
5.3,30.474,56.843,6.492,164.967,488.952,5,0,0,0,210.422,44.965
5.3,26.057,147.847,57.108,142.904,486.421,5,0,0,0,241.915,51.471
5.3,41.417,109.818,20.6,160.774,476.543,5,0,0,0,218.051,37.828
5.3,18.99,95.86,37.487,149.507,490.772,5,0,0,0,240.685,52.421
5.3,3.1,9.007,6.202,169.278,463.283,5,0,0,0,211.831,0
5.3,38.694,189.596,61.595,144.156,482.993,5,0,0,0,238.413,40.717
5.3,33.024,88.902,16.031,156.793,483.445,5,0,0,0,205.012,35.067
5.3,33.719,91.658,17.477,175.347,481.869,5,0,0,0,219.325,36.938
5.3,56.895,244.876,66.45,130.425,489.325,5,0,0,0,247.462,53.917
5.3,42.022,147.766,39.05,178.786,484.87,5,0,0,0,239.296,53.016
5.3,42.285,94.546,19.008,164.045,485.462,5,0,0,0,212.583,50.512
5.3,28.858,48.853,5.239,157.415,488.838,5,0,0,0,208.669,48.424
5.3,31.429,63.403,7.164,153.55,486.089,5,0,0,0,215.637,46.564
5.3,5.442,9.002,8.036,144.468,473.232,5,0,0,0,213.9,7.557
5.3,30.241,109.687,31.22,119.48,490.066,5,0,0,0,243.125,57.512
5.3,20.265,72.99,20.167,105.985,341.587,11,0,0,0,184.593,23.94
5.3,14.138,16.45,19.261,35.854,336.393,11,0,0,0,176.501,32.32
5.3,8.129,23.975,20.117,65.516,328.09,11,0,0,0,166.855,14.9
5.3,6.711,25.45,19.403,29.039,323.067,11,0,0,0,169.921,12.17
5.3,20.238,1.332,17.861,81.107,334.906,11,0,0,0,171.733,0
5.3,8.015,35.505,19.756,124.174,336.578,11,0,0,0,174.547,0.88
5.3,4.169,18.245,19.637,138.038,336.067,11,0,0,0,177.943,9.1
5.3,22.124,17.89,21.681,22.779,339.921,11,0,0,0,177.591,26.26
5.3,24.137,87.334,22.223,117.881,343.373,11,0,0,0,179.147,24.12
5.3,16.004,52.278,21.074,125.651,329.097,11,0,0,0,174.557,16.05
5.3,26.543,97.52,22.41,142.886,349.222,11,0,0,0,178.943,33.35
5.3,21.197,1.337,18.03,78.42,333.397,11,0,0,0,170.45,0
5.3,9.137,45.724,23.369,77.687,339.281,11,0,0,0,168.837,0.61
5.3,17.289,8.367,20.596,114.894,332.626,11,0,0,0,177.161,12.67
5.3,64.706,20.274,150.359,48.334,783.562,26,0,0,0,316.282,10.05
5.3,29.574,275.367,149.908,134.717,800.694,26,0,0,0,323.113,29.46
5.3,113.597,8.403,153.978,65.707,791.425,26,0,0,0,318.241,12.33
5.3,35.46,48.833,156.048,84.62,788.412,26,0,0,0,318.873,8.62
5.3,6.391,207.901,152.976,113.822,789.731,26,0,0,0,321.69,2.85
5.3,11.253,210.573,127.743,135.148,773.046,26,0,0,0,309.38,1.01
5.3,49.79,54.209,143.039,23.577,775.552,26,0,0,0,312.147,9.47
5.3,10.854,91.827,154.385,85.68,790.118,26,0,0,0,317.873,0
5.3,165.057,646.887,159.468,156,815.222,26,0,0,0,331.288,38.34
5.3,18.791,267.784,156.31,166.087,805.123,26,0,0,0,322.039,15.52
5.3,169.684,1.568,144.738,89.184,787.718,26,0,0,0,318.308,3.34
5.3,14.703,131.101,138.508,124.244,792.261,26,0,0,0,318.79,27.09
5.3,51.701,379.689,157.321,160.926,790.75,26,0,0,0,324.434,8.55
5.3,152.878,620.081,159.481,149.159,806.384,26,0,0,0,331.206,30.14
5.3,82.819,461.673,159.794,140.023,804.502,26,0,0,0,328.225,22.53
5.3,127.981,19.532,160.35,86.286,787.483,26,0,0,0,321.631,27.59
5.3,3.058,129.151,150.436,30.09,803.076,26,0,0,0,320.484,11.59
5.3,5.678,21.533,18.654,75.546,334.064,11,0,0,0,169.824,10.19
5.3,16.318,53.12,20.131,84.508,343.639,11,0,0,0,185.912,38.23
5.3,17.32,49.635,19.161,112.75,334.845,11,0,0,0,179.604,16.25
5.3,3.106,21.948,18.51,100.562,324.66,11,0,0,0,168.187,11.1
5.3,20.331,64.877,19.128,141.317,334.092,11,0,0,0,177.693,12.8
5.3,24.112,8.322,19.525,116.366,336.624,11,0,0,0,177.44,14.3
5.3,22.17,1.336,16.758,84.232,337.551,11,0,0,0,172.539,0
5.3,14.726,18.329,19.2,114.418,335.601,11,0,0,0,175.946,8.91
5.3,24.504,8.423,19.06,149.553,337.511,11,0,0,0,174.087,10.07
5.3,6.091,24.25,18.578,141.007,337.923,11,0,0,0,170.275,6.16
5.3,16.486,42.689,17.371,30.929,336.668,11,0,0,0,180.009,11.58
5.3,3.402,24.578,19.133,147.441,329.217,11,0,0,0,169.001,7.08
5.3,19.24,55.089,17.233,76.679,337.413,11,0,0,0,177.876,8.06
5.3,6.084,24.247,18.591,139.413,334.198,11,0,0,0,169.936,6.16
5.3,23.641,1.563,14.774,127.311,338.691,11,0,0,0,174.528,0
5.3,14.355,20.534,18.434,172.68,335.227,11,0,0,0,173.99,9.93
5.3,27.887,18.416,45.505,105.512,487.209,16,0,0,0,225.274,10.71
5.3,33.456,139.463,46.784,103.255,492.467,16,0,0,0,233.692,18.57
5.3,7.963,21.967,44.514,69.985,486.273,16,0,0,0,219.064,15.89
5.3,1.674,47.525,42.522,146.196,470.144,16,0,0,0,216.467,4.97
5.3,3.716,59.186,37.879,151.456,470.796,16,0,0,0,216.772,9.26
5.3,15.848,46.529,46.604,113.035,488.12,16,0,0,0,226.269,15.81
5.3,12.072,65.94,46.494,148.485,485.946,16,0,0,0,224.022,10.62
5.3,49.012,1.337,42.209,91.419,485.816,16,0,0,0,222.639,0
5.3,6.963,21.756,36.77,101.036,479.526,16,0,0,0,212.745,4.86
5.3,50.751,8.295,46.123,112.057,492.323,16,0,0,0,227.114,15.04
5.3,45.602,175.002,46.738,122.292,491.201,16,0,0,0,233.317,15.03
5.3,26.147,20.582,45.196,149.289,491.072,16,0,0,0,224.966,12.35
5.3,33.885,143.102,46.96,107.146,492.579,16,0,0,0,236.254,15.22
5.3,51.174,8.379,46.134,139.591,493.417,16,0,0,0,225.036,10.94
5.3,1.715,49.701,44.061,142.606,469.291,16,0,0,0,217.651,1.19
5.3,3.608,59.028,38.68,82.039,466.996,16,0,0,0,217.429,5.72
5.3,14.84,36.633,44.461,62.66,491.15,16,0,0,0,225.223,11.25
5.3,11.727,61.895,46.403,92.316,491.122,16,0,0,0,225.99,7.51
5.3,53.21,1.564,39.011,128.254,492.18,16,0,0,0,226.774,0
5.3,1.713,49.706,44.06,143.684,469.893,16,0,0,0,217.722,1.19
5.3,8.165,24.52,45.369,134.693,481.071,16,0,0,0,219.993,12.05
5.3,45.725,175.647,46.88,106.994,489.876,16,0,0,0,235.575,11.71
5.3,4.412,18.238,19.259,138.788,333.292,11,0,0,0,174.979,8.9
5.3,21.816,17.854,21.211,23.598,338.242,11,0,0,0,178.783,26.25
5.3,22.627,85.676,22.813,115.09,334.246,11,0,0,0,172.762,5.38
5.3,16.516,52.544,20.303,126.581,326.233,11,0,0,0,175.817,15.66
5.3,19.465,78.822,21.743,136.11,344.898,11,0,0,0,179.301,33.31
5.3,20.736,1.336,17.74,78.449,331.825,11,0,0,0,170.782,0
5.3,9.138,45.601,22.934,79.198,338.27,11,0,0,0,168.995,0.71
5.3,17.291,8.371,20.155,115.547,330.113,11,0,0,0,176.198,12.52
5.3,3.973,20.287,21.699,99.569,333.568,11,0,0,0,172.494,11.07
5.3,16.581,8.338,22.951,107.93,334.129,11,0,0,0,173.756,10.39
5.3,24.913,93.59,23.825,120.197,343.529,11,0,0,0,179.975,17.78
5.3,3.971,20.288,21.698,98.862,335.048,11,0,0,0,172.572,11.07
5.3,19.894,84.239,23.759,138.209,347.153,11,0,0,0,180.031,28.97
5.3,28.491,1.568,18.179,103.654,331.532,11,0,0,0,173.414,0
5.3,9.176,47.708,24.451,83.779,343.108,11,0,0,0,175.941,12.29
5.3,21.822,19.474,23.461,70.635,338.997,11,0,0,0,179.209,24.2
5.3,13.85,9.201,8.809,172.419,330.747,11,0,0,0,174.681,10.58
5.3,6.616,23.602,9.615,67.746,325.121,11,0,0,0,173.475,0
5.3,22.882,47.179,7.325,40.359,332.493,11,0,0,0,177.749,24.42
5.3,6.477,8.865,9.331,150.72,331.995,11,0,0,0,177.983,16.68
5.3,15.316,28.635,5.191,31.613,329.152,11,0,0,0,173.809,31.59
5.3,7.23,1.691,12.663,100.228,325.516,11,0,0,0,176.566,10.94
5.3,7.444,0.43,8.648,101.841,325.365,11,0,0,0,174.143,12.01
5.3,13.843,9.201,8.808,174.396,329.653,11,0,0,0,174.631,10.58
5.3,6.035,31.13,15.815,139.167,325.143,11,0,0,0,173.388,0
5.3,11.441,5.593,12.354,81.531,339.666,11,0,0,0,179.374,15.3
5.3,19.156,64.378,15.767,128.119,331.012,11,0,0,0,175.526,6.3
5.3,5.593,5.044,12.099,64.221,326.663,11,0,0,0,177.186,11.37
5.3,8.052,18.18,8.131,110.741,321.673,11,0,0,0,166.242,10.85
5.3,21.372,1.931,12.755,124.552,333.07,11,0,0,0,180.579,9.05
5.3,6.036,31.129,15.812,139.136,325.466,11,0,0,0,173.208,0
5.3,22.05,1.143,16.449,121.046,333.277,11,0,0,0,183.543,9.2
5.3,8.015,35.505,19.756,124.174,336.578,11,0,0,0,174.547,0.88
5.3,14.138,16.45,19.261,35.854,336.393,11,0,0,0,176.501,32.32
5.3,20.265,72.99,20.167,105.985,341.479,11,0,0,0,184.583,23.94
5.3,8.129,23.975,20.117,65.516,328.09,11,0,0,0,166.855,14.9
5.3,6.709,25.451,19.407,28.998,323.328,11,0,0,0,169.979,12.17
5.3,20.239,1.332,17.861,81.108,334.906,11,0,0,0,171.736,0
5.3,8.013,35.512,19.765,127.949,335.13,11,0,0,0,174.143,0.87
5.3,21.361,8.464,20.527,118.394,336.179,11,0,0,0,178.209,11.36
5.3,8.015,35.505,19.756,124.174,336.578,11,0,0,0,174.547,0.88
5.3,14.138,16.45,19.261,35.854,336.393,11,0,0,0,176.501,32.32
5.3,20.265,72.99,20.167,105.985,341.587,11,0,0,0,184.593,23.94
5.3,8.129,23.975,20.117,65.516,328.09,11,0,0,0,166.855,14.9
5.3,6.708,25.451,19.405,28.893,324.572,11,0,0,0,169.918,12.17
5.3,20.238,1.332,17.861,81.107,334.906,11,0,0,0,171.733,0
5.3,8.147,35.766,19.493,130.476,339.465,11,0,0,0,174.932,4.55
5.3,21.361,8.464,20.527,118.394,336.179,11,0,0,0,178.209,11.36
5.3,34.292,19.161,88.31,80.47,635.25,21,0,0,0,275.354,18.82
5.3,25.448,210.17,93.03,163.458,625.194,21,0,0,0,269.553,20.74
5.3,75.414,18.07,95.559,48.221,643.45,21,0,0,0,286.573,39.11
5.3,4.28,53.089,79.035,9.207,625.623,21,0,0,0,266.206,12.96
5.3,25.985,209.815,91.274,148.95,631.441,21,0,0,0,276.147,24.42
5.3,47.034,264.219,93.523,160.615,638.756,21,0,0,0,270.916,10.56
5.3,23.503,29.306,90.288,83.103,621.936,21,0,0,0,277.364,20.28
5.3,2.561,88.37,91.215,56.787,628.597,21,0,0,0,273.765,17.61
5.3,96.538,373.036,94.658,148.634,639.877,21,0,0,0,279.408,29.68
5.3,91.364,1.347,87.089,70.922,641.668,21,0,0,0,280.12,22.68
5.3,3.351,88.307,93.091,69.032,637.922,21,0,0,0,271.252,16.55
5.3,101.963,392.623,94.651,152.471,641.73,21,0,0,0,278.458,29.18
5.3,38.053,10.305,80.245,84.221,630.104,21,0,0,0,269.478,24.8
5.3,11.826,126.696,69.402,155.001,621.527,21,0,0,0,253.286,0
5.3,29.067,20.064,92.132,84.861,629.542,21,0,0,0,272.337,7.42
5.3,25.87,212.292,94.482,129.293,633.633,21,0,0,0,273.606,16.2
5.3,37.769,8.936,79.066,84.13,631.335,21,0,0,0,268.951,16.13
5.3,6.121,42.011,68.418,69.941,624.854,21,0,0,0,259.883,0
5.3,25.595,212.327,94.921,129.779,632.595,21,0,0,0,272.567,15.55
5.3,47.603,269.949,96.887,152.816,640.545,21,0,0,0,270.407,12.32
5.3,21.922,35.6,89.833,81.389,631.052,21,0,0,0,273.488,17.98
5.3,2.689,94.303,95.209,57.789,629.891,21,0,0,0,272.235,10.19
5.3,97.119,384.055,98.136,157.234,634.165,21,0,0,0,277.822,20.98
5.3,105.997,1.507,89.095,87.626,638.035,21,0,0,0,278.554,6.87
5.3,4.512,94.371,95.036,125.546,632.788,21,0,0,0,275.615,9.58
5.3,102.31,400.875,98.149,149.318,635.377,21,0,0,0,275.916,20.48
5.3,76.446,19.874,98.888,58.819,644.341,21,0,0,0,282.066,35.77
5.3,7.561,137.118,86.634,105.672,630.593,21,0,0,0,261.77,4.68
5.3,14.997,18.333,19.474,116.331,332.823,11,0,0,0,176.781,8.07
5.3,5.524,21.485,19.06,79.233,330.08,11,0,0,0,169.591,9.2
5.3,21.458,68.83,19.661,139.195,332.51,11,0,0,0,177.447,11.82
5.3,5.527,21.485,19.055,80.133,329.483,11,0,0,0,169.398,9.2
5.3,20.506,78.687,19.349,128.914,333.134,11,0,0,0,180.24,24.53
5.3,22.486,1.336,17.107,86.913,333.21,11,0,0,0,172.882,0
5.3,17.174,50.747,19.67,111.77,332.055,11,0,0,0,179.706,17.19
5.3,24.602,8.332,19.785,118.363,332.196,11,0,0,0,177.583,13.91
5.3,14.574,20.534,18.768,173.485,334.86,11,0,0,0,174.449,8.87
5.3,25.053,8.436,19.317,149.995,335.827,11,0,0,0,174.434,9.7
5.3,20.429,59.569,17.929,74.842,335.109,11,0,0,0,178.118,7.19
5.3,5.937,24.217,19.04,144.372,334.376,11,0,0,0,170.448,5.09
5.3,20.099,73.182,17.759,88.109,336.255,11,0,0,0,181.127,20.16
5.3,24.001,1.563,15.037,128.268,336.714,11,0,0,0,174.901,0
5.3,16.306,43.888,17.989,29.77,335.168,11,0,0,0,180.426,12.54
5.3,5.938,24.214,19.041,143.473,335.65,11,0,0,0,170.361,5.09
5.3,6.944,8.019,14.95,116.361,323.137,11,0,0,0,169.142,5.39
5.3,19.837,7.403,14.751,57.667,328.958,11,0,0,0,169.017,15.31
5.3,14.773,51.901,16.336,134.616,333.038,11,0,0,0,173.975,18.36
5.3,5.176,10.066,11.948,10.662,323.791,11,0,0,0,160.607,9.57
5.3,2.8,10.052,13.716,60.564,329.511,11,0,0,0,159.834,9.48
5.3,18.176,1.675,13.194,91.995,316.901,11,0,0,0,164.418,2.52
5.3,3.992,18.462,15.694,129.394,334.214,11,0,0,0,167.689,0
5.3,6.717,7.982,14.696,114.471,323.025,11,0,0,0,168.6,3.35
5.3,12.041,14.846,14.593,111.41,340.012,11,0,0,0,167.338,33.56
5.3,7.567,5.679,11.813,111.826,334.477,11,0,0,0,175.208,3.88
5.3,16.208,43.35,10.635,61.306,337.469,11,0,0,0,178.168,28.41
5.3,7.167,19.213,11.879,91.29,335.133,11,0,0,0,166.682,20.33
5.3,5.092,14.554,18.607,75.822,330.032,11,0,0,0,166.549,17.15
5.3,6.113,1.942,12.314,118.119,336.608,11,0,0,0,176.791,0
5.3,4.543,20.966,13.559,57.597,332.775,11,0,0,0,175.757,16.87
5.3,10.851,1.212,14.684,154.79,335.31,11,0,0,0,177.57,4.13
5.3,27.207,19.658,6.895,168.167,335.304,11,0,0,0,169.376,18.4
5.3,30.291,8.425,11.873,164.562,341.781,11,0,0,0,185.605,22.44
5.3,22.095,42.178,9.785,66.503,342.375,11,0,0,0,182.541,19.12
5.3,8.778,0.377,6.033,125.004,333.246,11,0,0,0,167.28,0
5.3,21.411,42.323,7.95,16.09,347.361,11,0,0,0,185.264,34.29
5.3,9.879,1.55,5.154,133.03,334.045,11,0,0,0,170.366,9.81
5.3,15.943,41.345,11.671,84.151,344.948,11,0,0,0,186.035,24.5
5.3,15.093,24.371,12.581,153.946,348.88,11,0,0,0,187.432,28.15
5.3,27.207,19.658,6.895,168.167,335.304,11,0,0,0,169.376,18.4
5.3,30.291,8.425,11.873,164.562,341.781,11,0,0,0,185.605,22.44
5.3,22.095,42.178,9.785,66.503,342.375,11,0,0,0,182.541,19.12
5.3,8.778,0.377,6.034,125.005,333.246,11,0,0,0,167.302,0
5.3,21.411,42.323,7.95,16.09,347.361,11,0,0,0,185.264,34.29
5.3,9.879,1.55,5.154,133.031,334.045,11,0,0,0,170.36,9.81
5.3,15.943,41.345,11.671,84.151,344.948,11,0,0,0,186.035,24.5
5.3,15.093,24.371,12.581,153.946,348.88,11,0,0,0,187.432,28.15
5.3,9.792,21.202,3.317,91.218,185.072,6,0,0,0,130.235,12.61
5.3,7.135,17.142,3.354,79.466,184.703,6,0,0,0,129.874,4.41
5.3,3.66,9.039,3.622,110.593,182.996,6,0,0,0,126.994,0
5.3,4.677,1.746,4.15,64.997,184.446,6,0,0,0,129.709,11.68
5.3,10.915,7.476,3.831,138.178,189.25,6,0,0,0,140.459,37.63
5.3,27.207,19.658,6.895,168.167,335.304,11,0,0,0,169.376,18.4
5.3,30.291,8.425,11.873,164.562,341.781,11,0,0,0,185.605,22.44
5.3,22.095,42.178,9.785,66.503,342.375,11,0,0,0,182.541,19.12
5.3,8.778,0.377,6.034,125.005,333.246,11,0,0,0,167.271,0
5.3,21.411,42.323,7.95,16.09,347.361,11,0,0,0,185.264,34.29
5.3,9.879,1.55,5.154,133.03,334.045,11,0,0,0,170.366,9.81
5.3,15.943,41.345,11.671,84.151,344.948,11,0,0,0,186.035,24.5
5.3,15.093,24.371,12.581,153.946,348.88,11,0,0,0,187.432,28.15
5.3,27.207,19.658,6.895,168.167,335.304,11,0,0,0,169.376,18.4
5.3,30.291,8.425,11.873,164.562,341.781,11,0,0,0,185.605,22.44
5.3,22.095,42.178,9.785,66.503,342.375,11,0,0,0,182.541,19.12
5.3,8.777,0.377,6.033,125.003,333.246,11,0,0,0,167.286,0
5.3,21.411,42.323,7.95,16.09,347.361,11,0,0,0,185.264,34.29
5.3,9.877,1.55,5.153,133.025,334.045,11,0,0,0,170.326,9.81
5.3,15.943,41.345,11.671,84.151,344.948,11,0,0,0,186.035,24.5
5.3,15.093,24.371,12.581,153.946,348.88,11,0,0,0,187.432,28.15
5.3,18.681,43.778,7.137,159.708,460.277,16,0,0,0,205.969,0
5.3,45.363,9.494,20.93,114.561,472.518,16,0,0,0,218.417,19.5
5.3,12.752,33.736,8.132,143.604,470.288,16,0,0,0,208.632,13.44
5.3,22.913,42.617,7.076,159.326,456.075,16,0,0,0,210.514,11.1
5.3,14.432,15.693,22.868,98.543,468.604,16,0,0,0,212.822,1.37
5.3,24.968,46.561,7.434,160.144,474.329,16,0,0,0,213.995,17.18
5.3,8.937,9.199,9.445,164.008,455.841,16,0,0,0,208.767,16.55
5.3,11.138,9.077,20.011,47.428,458.177,16,0,0,0,211.547,3.63
5.3,7.672,13.807,6.86,134.108,470.416,16,0,0,0,206.912,10.51
5.3,20.859,46.961,8.001,147.349,467.523,16,0,0,0,230.54,5.2
5.3,4.02,19.693,11.985,75.628,447.138,16,0,0,0,201.544,0.52
5.3,10.18,18.677,15.337,90.322,478.44,16,0,0,0,204.436,10.76
5.3,31.826,88.017,16.044,108.447,477.605,16,0,0,0,215.712,14.29
5.3,14.645,27.314,15.09,83.646,478.1,16,0,0,0,206.001,14.65
5.3,18.889,40.519,17.716,115.749,478.303,16,0,0,0,213.941,25.17
5.3,10.547,26.881,16.944,92.472,475.782,16,0,0,0,207.031,3.71
5.3,20.716,10.14,14.172,66.373,484.689,16,0,0,0,208.412,29.61
5.3,30.318,29.55,14.657,95.497,485.183,16,0,0,0,210.521,29.62
5.3,30.282,3.222,16.117,84.429,473.143,16,0,0,0,214.199,32.92
5.3,8.95,18.683,15.025,89.445,467.99,16,0,0,0,209.146,0
5.3,9.829,8.301,15.907,121.709,468.991,16,0,0,0,202.781,26.35
5.3,22.95,68.385,15.557,89.345,478.468,16,0,0,0,206.905,14.48
5.3,26.521,20.496,52.412,45.86,605.22,16,1,0,0,287.378,13.9
5.3,84.575,287.615,60.636,164.778,623.134,16,1,0,0,277.579,29.87
5.3,7.469,41.927,58.879,50.442,608.964,16,1,0,0,291.066,12.58
5.3,18.525,118.419,46.083,174.165,603.488,16,1,0,0,276.95,7.98
5.3,16.118,100.082,45.303,149.381,605.324,16,1,0,0,271.254,0
5.3,17.21,18.835,47.712,64.264,607.268,16,1,0,0,277.943,26.06
5.3,16.157,100.205,45.322,148.031,608.674,16,1,0,0,271.332,0
5.3,21.462,63.682,45.504,76.311,608.251,16,1,0,0,283.237,28.5
5.3,14.89,118.187,52.255,156.04,613.079,16,1,0,0,277.218,23.28
5.3,76.432,264.077,60.647,161.4,619.149,16,1,0,0,276.452,23.18
5.3,24.322,20.372,56.468,20.464,610.08,16,1,0,0,286.961,14.22
5.3,69.674,249.814,57.362,163.42,616.558,16,1,0,0,279.932,30.55
5.3,6.949,41.965,55.692,39.732,606.296,16,1,0,0,272.863,13.78
5.3,19.104,126.273,50.99,158.235,606.235,16,1,0,0,282.382,8.06
5.3,17.239,113.716,51.201,171.974,607.601,16,1,0,0,273.028,0
5.3,16.026,28.008,53.676,91.874,610.907,16,1,0,0,285.062,27.38
5.3,3.629,77.391,50.035,171.298,607.406,16,1,0,0,273.775,0.64
5.3,22.247,75.959,49.338,109.825,603.536,16,1,0,0,279.701,15.93
5.3,15.943,126.442,56.83,136.449,619.038,16,1,0,0,276.236,22.52
7.4,171.035,33.122,55.103,100.015,635.653,16,1,0,0,292.658,101.13
5.3,78.869,262.522,57.535,173.507,615.727,16,1,0,0,280.157,21.17
5.3,23.128,20.375,51.631,20.239,606.542,16,1,0,0,272.828,15.41
5.3,73.375,246.642,54.122,173.686,615.531,16,1,0,0,274.099,10.04
5.3,7.006,41.953,51.12,46.667,604.297,16,1,0,0,279.715,16.31
5.3,40.293,185.988,54.79,151.674,605.672,16,1,0,0,272.897,4.36
5.3,40.687,186.593,54.49,152.501,619.406,16,1,0,0,270.27,0
5.3,14.201,28.205,49.048,92.475,610.166,16,1,0,0,273.131,30.33
5.3,4.206,75.917,47.451,175.71,603.181,16,1,0,0,263.178,6.79
7.4,160.933,32.687,50.334,98.358,626.16,16,1,0,0,295.653,106.99
5.3,23.669,77.381,45.791,107.056,606.614,16,1,0,0,280.784,31.16
5.3,6.295,67.068,41.305,137.859,606.831,16,1,0,0,260.357,28.84
7.4,161.702,33.097,50.36,98.752,627.15,16,1,0,0,282.9,107.34
5.3,61.054,217.229,50.454,168.24,611.909,16,1,0,0,269.613,7.48
5.3,19.484,20.375,52.776,44.813,617.146,16,1,0,0,266.624,15.28
5.3,82.029,266.121,54.939,148.401,628.521,16,1,0,0,280.26,37.75
5.3,5.996,41.931,50.53,77.387,607.312,16,1,0,0,269.124,14.39
5.3,21.208,131.786,55.822,177.862,611.819,16,1,0,0,273.748,1.58
5.3,25.196,145.998,55.314,159.545,611.139,16,1,0,0,273.119,0
5.3,26.739,27.917,55.056,103.667,611.095,16,1,0,0,273.665,29.41
5.3,7.656,75.266,57.15,149.978,614.208,16,1,0,0,272.811,12.88
5.3,22.807,88.331,35.052,142.415,616.278,16,1,0,0,266.694,30.42
5.3,44.686,182.137,54.443,134.929,624.408,16,1,0,0,281.532,42.78
5.3,66.127,227.975,54.755,147.604,626.814,16,1,0,0,278.551,30.88
5.3,20.323,20.35,53.593,36.358,616.305,16,1,0,0,276.765,17.08
5.3,52.729,198.543,53.412,136.287,624.519,16,1,0,0,277.217,37.84
5.3,6.222,41.949,51.541,67.943,605.961,16,1,0,0,277.301,16.71
5.3,25.4,145.493,54.652,159.014,610.262,16,1,0,0,274.016,0
5.3,26.379,27.877,54.316,104.084,611.73,16,1,0,0,274.913,29.43
5.3,7.765,75.223,56.429,150.631,617.868,16,1,0,0,274.494,13.08
5.3,18.753,78.886,36.647,139.568,618.578,16,1,0,0,267.663,28.02
5.3,47.761,187.422,53.624,136.641,624.473,16,1,0,0,281.273,42.89
5.3,63.198,220.168,54.459,145.07,622.718,16,1,0,0,278.761,28.12
5.3,20.702,20.416,50.868,22.202,605.172,16,1,0,0,267.046,9.99
5.3,62.29,216.368,50.439,153.858,622.534,16,1,0,0,277.423,33.55
5.3,6.745,41.925,49.315,60.11,608.532,16,1,0,0,269.888,10.36
5.3,20.779,131.447,53.339,166.602,612.312,16,1,0,0,268.059,0
5.3,30.697,143.21,49.233,129.426,621.352,16,1,0,0,270.212,19.62
5.3,22.345,28.069,52.066,101.308,608.963,16,1,0,0,271.97,26.56
5.3,6.867,75.461,52.883,151.972,621.418,16,1,0,0,268.71,7.83
7.4,174.553,32.698,56.473,105.065,628.195,16,1,0,0,295.715,103.38
5.3,21.226,79.669,36.564,128.971,607.118,16,1,0,0,263.13,22.84
5.3,39.98,178.64,55.062,151.588,608.742,16,1,0,0,269.974,35.74
7.4,168.357,34.145,50.962,102.562,620.725,16,1,0,0,281.094,76.54
5.3,43.039,157.423,46.889,143.372,619.541,16,1,0,0,270.319,17.09
5.3,8.542,10.814,5.209,163.845,189.66,7,0,0,0,136.619,29.42
5.3,6.264,20.59,5.232,153.344,197.071,7,0,0,0,138.416,37.1
5.3,10.414,30.006,5.276,127.571,190.177,7,0,0,0,133.716,0
5.3,12.067,29.654,6.262,107.097,191.38,7,0,0,0,131.862,20.95
5.3,10.286,2.445,5.278,137.865,189.772,7,0,0,0,138.155,29.57
5.3,7.701,10.959,3.226,118.247,184.619,6,0,0,0,130.06,4.17
5.3,7.698,19.274,3.207,66.471,183.461,6,0,0,0,129.619,12.81
5.3,7.409,18.093,3.086,31.867,185.961,6,0,0,0,130.778,30.81
5.3,7.429,9.742,3.162,75.346,182.409,6,0,0,0,129.432,4.96
5.3,7.756,1.962,3.292,129.355,183.781,6,0,0,0,130.749,2.69
5.3,5.481,1.958,3.301,171.591,182.384,6,0,0,0,129.908,0
5.3,48.066,18.265,82.016,96.89,819.398,25,1,0,0,334.231,23.84
7.4,3.346,116.023,92.926,122.645,821.165,25,1,0,0,315.353,17.72
5.3,4.238,46.323,64.154,79.445,814.259,25,1,0,0,312.77,0
5.3,4.235,46.33,64.214,79.806,816.796,25,1,0,0,312.8,0
5.3,25.568,213.006,99.378,153.669,816.839,25,1,0,0,307.352,29.19
5.3,61.72,52.449,62.881,112.347,800.412,25,1,0,0,321.932,28.4
5.3,16.611,77.825,74.437,101.803,817.479,25,1,0,0,327.225,39.85
5.3,58.861,230.2,88.484,114.536,816.463,25,1,0,0,315.679,28.56
5.3,58.549,265.687,89.448,129.852,816.102,25,1,0,0,311.757,15.44
5.3,74.93,1.335,73.752,68.201,826.814,25,1,0,0,326.88,16.33
5.3,15.513,78.859,101.125,125.164,829.675,25,1,0,0,342.889,39.9
5.3,31.154,187.718,95.59,134.369,810.02,25,1,0,0,308.085,32.77
5.3,44.848,167.35,62.56,116.449,808.817,25,1,0,0,307.164,8.43
5.3,85.401,8.377,81.001,98.333,821.997,25,1,0,0,332.837,28.64
7.4,0.213,75.696,68.712,133.245,808.308,25,1,0,0,317.99,5.77
5.3,4.344,8.956,8.01,83.757,205.641,6,0,0,0,133.509,16.81
5.3,2.557,13.257,8.444,107.301,205.414,6,0,0,0,130.763,0.46
5.3,6.617,26.031,8.097,56.332,202.212,6,0,0,0,133.624,12.61
5.3,6.828,25.668,7.551,47.743,202.324,6,0,0,0,132.196,12.44
5.3,5.849,1.951,8.493,143.55,199.808,6,0,0,0,134.376,0
5.3,5.849,1.951,8.493,142.672,201.507,6,0,0,0,134.437,0
5.3,7.998,21.147,23.779,87.558,590.99,21,0,0,0,232.992,3.89
5.3,27.131,17.139,23.397,123.859,609.553,21,0,0,0,245.714,18.11
5.3,11.775,14.271,25.257,65.834,617.496,21,0,0,0,246.109,0
5.3,4.421,51.069,27.598,110.977,601.852,21,0,0,0,243.546,5.18
5.3,34.208,87.483,22.441,95.858,627.859,21,0,0,0,250.381,5.65
5.3,1.411,29.061,20.931,133.741,616.923,21,0,0,0,242.225,28.11
5.3,36.109,80.474,20.745,75.532,635.332,21,0,0,0,251.873,19.55
5.3,28.63,89.027,22.709,77.48,629.511,21,0,0,0,253.999,12.07
5.3,18.957,40.522,13.269,129.413,610.105,21,0,0,0,235.646,2.11
5.3,28.759,9.147,15.404,152.782,618.034,21,0,0,0,252.991,14.51
5.3,17.657,39.471,19.329,152.465,618.703,21,0,0,0,242.106,5.77
5.3,16.059,22.474,22.471,130.944,605.215,21,0,0,0,241.733,12.6
5.3,29.088,5.559,11.638,106.992,629.059,21,0,0,0,244.402,19.84
5.3,34.125,87.188,22.409,95.061,631.043,21,0,0,0,250.277,5.65
5.3,9.589,14.539,5.709,161.642,329.935,11,0,0,0,169.323,42.48
5.3,19.152,9.12,3.467,106.48,308.383,11,0,0,0,162.203,10.41
5.3,18.546,40.221,5.941,77.788,317.581,11,0,0,0,164.334,12.02
5.3,9.984,14.577,3.853,19.868,325.135,11,0,0,0,171.349,30.94
5.3,5.522,8.744,3.365,89.649,320.834,11,0,0,0,174.225,6.81
5.3,5.52,8.741,3.365,89.822,320.129,11,0,0,0,173.983,6.82
5.3,7.212,16.105,6.108,87.094,320.436,11,0,0,0,167.801,0
5.3,5.521,8.742,3.368,88.58,320.834,11,0,0,0,173.949,6.82
5.3,3.66,8.85,4.333,74.6,174.363,5,0,0,0,121.55,2.62
5.3,3.57,1.945,4.797,123.708,170.475,5,0,0,0,123.384,0
5.3,2.061,8.426,4.631,24.032,168.981,5,0,0,0,119.968,0.98
5.3,3.571,1.945,4.798,120.038,171.615,5,0,0,0,123.768,0
5.3,3.57,1.945,4.797,123.362,173.12,5,0,0,0,123.683,0
5.3,84.305,36.211,110.728,97.834,943.732,31,0,0,0,354.361,54.05
5.3,20.838,0.397,19.998,35.067,880.336,31,0,0,0,292.186,2.7
5.3,51.408,16.87,98.701,52.189,934.274,31,0,0,0,351.596,77.93
5.3,20.465,50.95,101.89,28.714,890.122,31,0,0,0,326.152,46.45
5.3,29.194,98.062,53.02,116.369,882.842,31,0,0,0,298.831,15.34
5.3,56.84,235.659,78.926,161.306,919.079,31,0,0,0,346.293,66.03
5.3,26.298,40.348,28.612,95.977,883.981,31,0,0,0,327.758,24.22
5.3,20.586,41.394,59.804,102.258,892.991,31,0,0,0,324.27,46.89
5.3,45.289,81.164,37.178,125.576,907.099,31,0,0,0,321.316,32.11
5.3,17.894,0.629,18.314,24.657,885.195,31,0,0,0,303.625,0
5.3,21.145,44.491,17.027,105.473,882.876,31,0,0,0,311.12,9.45
5.3,115.884,1.331,115.209,95.032,918.802,31,0,0,0,345.275,43.29
5.3,27.926,22.555,75.328,62.879,906.775,31,0,0,0,335.139,119.79
5.3,16.601,46.076,40.41,80.685,925.608,31,0,0,0,338.164,36.91
5.3,4.565,47.614,38.899,108.852,891.818,31,0,0,0,324.962,22.97
5.3,10.619,135.299,86.637,162.881,892.95,31,0,0,0,327.652,21.34
5.3,11.629,70.415,29.468,161.742,882.011,31,0,0,0,310.57,4.54
5.3,4.905,45.22,27.486,153.572,887.403,31,0,0,0,304.606,8.28
5.3,53.221,8.585,29.572,51.506,896.476,31,0,0,0,310.889,33.24
5.3,2.561,80.454,63.502,145.478,900.013,31,0,0,0,316.958,18.785
5.3,29.792,26.001,0.202,162.405,241.908,3,1,2,0,154.052,2.986
5.3,14.637,16.178,0.913,152.108,236.47,3,1,2,0,152.496,0.708
5.3,20.606,21.803,0.885,155.085,237.727,3,1,2,0,149.917,0
5.3,28.739,26.776,0.261,167.577,245.194,3,1,2,0,167.944,1.864
5.3,31.218,27.942,0.235,162.145,239.619,3,1,2,0,152.963,3.045
5.3,29.911,26.209,0.3,167.835,241.824,3,1,2,0,168.77,3.793
7.4,13.501,11.915,0.211,147.684,242.106,3,1,2,0,148.9559,44.3197
7.4,13.482,11.894,0.207,149.266,241.359,3,1,2,0,147.732,44.484
7.4,14.675,15.858,0.459,145.188,241.765,3,1,2,0,148.753,44.959
7.4,14.212,11.841,0.773,152.496,242.99,3,1,2,0,150.582,46.552
7.4,26.075,22.097,0.583,155.57,246.513,3,1,2,0,147.698,46.474
7.4,15.391,11.884,0.596,158.284,242.214,3,1,2,0,152.384,46.478
7.4,26.037,22.035,0.845,157.683,248.218,3,1,2,0,146.739,46.241
5.3,7.328,11.004,0.661,157.932,246.61,3,1,2,0,157.998,1.29
5.3,9.102,10.99,0.323,161.728,246.196,3,1,2,0,156.817,0.373
5.3,9.122,11.006,0.331,163.04,246.756,3,1,2,0,159.645,2.544
5.3,7.669,10.997,0.605,161.864,248.117,3,1,2,0,160.406,2.745
5.3,7.515,11.002,0.62,158.696,251.154,3,1,2,0,158.972,2.99
5.3,7.358,11,0.884,158.891,248.947,3,1,2,0,159.562,2.098
5.3,7.829,11.002,0.571,158.682,250.265,3,1,2,0,157.51,4.048
5.3,7.678,11,0.777,162.278,251.399,3,1,2,0,160.86,6.148
5.3,17.968,48.751,7.702,147.678,233.019,4,1,0,0,161.043,9.157
5.3,16.396,42.601,8.84,150.851,238.034,4,1,0,0,171.398,9.591
5.3,9.737,21.857,5.076,175.561,226.555,4,1,0,0,150.68,0.001
5.3,14.516,42.661,8.222,130.382,232.579,4,1,0,0,160.317,8.384
5.3,9.723,21.821,5.073,174.909,225.634,4,1,0,0,150.593,0
5.3,16.242,42.222,8.756,156.409,233.37,4,1,0,0,167.92,4.83
5.3,14.517,42.676,8.225,128.244,230.581,4,1,0,0,160.808,8.381
5.3,6.389,16.078,5.357,118.94,236.328,4,1,0,0,150.141,9.491
5.3,14.668,42.717,8.173,130.008,230.801,4,1,0,0,157.882,4.264
7.4,15.922,41.256,7.9,156.155,237.015,4,1,0,0,155.638,50.114
7.4,9.498,37.71,9.762,113.335,233.939,4,1,0,0,155.317,50.092
7.4,6.34,20.553,7.57,167.454,234.01,4,1,0,0,150.811,46.906
7.4,16.508,41.691,5.896,152.383,235.94,4,1,0,0,150.564,52.588
7.4,9.48,37.577,9.718,114.272,238.165,4,1,0,0,158.632,54.327
7.4,7.412,20.453,6.786,145.484,235.214,4,1,0,0,151.874,49.668
7.4,16.133,41.427,6.014,143.098,238.912,4,1,0,0,149.329,48.555
7.4,10.295,39.588,9.921,125.226,236.517,4,1,0,0,160.615,55.525
5.3,15.289,6.084,6.406,113.345,242.199,4,1,0,0,157.671,18.73
5.3,14.081,6.082,7.581,117.758,239.109,4,1,0,0,153.527,17.226
5.3,15.699,6.069,7.933,115.23,242.828,4,1,0,0,156.473,22.411
5.3,14.161,6.075,7.493,124.461,238.068,4,1,0,0,153.893,18.199
5.3,15.15,6.071,5.949,114.308,234.944,4,1,0,0,151.301,16.621
5.3,18.014,6.082,8.779,110.022,235.929,4,1,0,0,156.795,18.008
5.3,17.965,6.061,8.789,101.699,236.77,4,1,0,0,156.147,15.921
5.3,14.546,6.077,6.032,111.972,236.216,4,1,0,0,153.949,17.78
5.3,18.042,6.086,8.924,114.658,235.907,4,1,0,0,155.64,18.305
5.3,15.398,6.066,7.845,109.399,240.821,4,1,0,0,157.208,21.141
5.3,15.156,6.07,5.948,110.995,234.726,4,1,0,0,151.188,16.618
5.3,6.765,16.493,2.575,142.977,141.926,3,1,0,0,125.413,0.969
5.3,7.723,19.489,3.022,140.525,142.498,3,1,0,0,126.791,0.002
5.3,7.723,19.49,3.022,138.33,143.463,3,1,0,0,126.027,0
5.3,6.766,16.498,2.575,144.096,145.08,3,1,0,0,125.394,0.968
5.3,7.722,19.486,3.022,139.989,139.869,3,1,0,0,126.061,0.002
7.4,1.122,2.758,3.076,94.78,140.488,3,1,0,0,124.667,26.983
7.4,1.122,2.758,3.075,98.064,139.628,3,1,0,0,124.801,26.983
7.4,1.122,2.758,3.075,173.301,145.785,3,1,0,0,124.414,26.983
7.4,1.122,2.758,3.075,100.385,140.939,3,1,0,0,124.769,26.985
7.4,1.122,2.758,3.075,105.245,142.667,3,1,0,0,125.001,26.983
7.4,1.468,2.764,2.588,107.799,143.82,3,1,0,0,123.851,26.732
7.4,1.577,2.76,2.542,111.483,142.917,3,1,0,0,122.477,26.314
7.4,1.122,2.758,3.075,101.702,144.934,3,1,0,0,124.698,26.983
7.4,1.468,2.764,2.588,105.624,144.795,3,1,0,0,123.578,26.733
7.4,1.577,2.76,2.542,115.716,141.544,3,1,0,0,122.221,26.313
7.4,1.468,2.764,2.589,107.421,143.837,3,1,0,0,124.009,26.732
7.4,1.577,2.761,2.543,107.076,144.292,3,1,0,0,122.563,26.314
7.4,1.578,2.76,2.543,103.98,144.647,3,1,0,0,122.443,26.314
7.4,1.467,2.764,2.589,106.55,146.044,3,1,0,0,123.911,26.732
7.4,1.239,2.756,3.035,101.759,143.252,3,1,0,0,123.141,26.664
7.4,1.468,2.764,2.588,100.138,143.963,3,1,0,0,123.646,26.732
7.4,1.468,2.764,2.588,102.981,142.305,3,1,0,0,123.698,26.732
7.4,1.467,2.764,2.589,107.104,142.815,3,1,0,0,124.038,26.733
7.4,1.577,2.76,2.542,101.842,142.549,3,1,0,0,122.383,26.313
7.4,1.122,2.758,3.075,103.33,142.849,3,1,0,0,125.014,26.983
7.4,1.239,2.756,3.035,110.477,142.818,3,1,0,0,123.441,26.664
7.4,1.238,2.756,3.035,114.963,144.858,3,1,0,0,123.522,26.663
5.3,23.967,42.566,3.439,148.954,261.870,5,4,0,0,174.154,40.914
5.3,15.936,35.283,3.964,151.716,251.483,5,4,0,0,168.035,12.655
5.3,15.134,34.471,5.858,148.550,250.128,5,4,0,0,171.312,13.399
5.3,15.941,35.297,3.967,152.629,250.643,5,4,0,0,168.402,12.653
5.3,16.107,40.384,6.064,141.680,258.716,5,4,0,0,165.548,12.188
5.3,16.070,40.290,6.056,136.409,258.544,5,4,0,0,165.682,12.188
5.3,15.138,34.475,5.853,140.369,256.389,5,4,0,0,170.296,13.397
5.3,26.970,53.563,5.881,158.460,259.092,5,4,0,0,172.452,36.439
5.3,22.313,37.075,3.007,143.603,259.682,5,4,0,0,177.617,40.977
5.3,15.607,39.925,6.306,139.194,254.389,5,4,0,0,164.247,11.012
5.3,15.612,39.934,6.306,143.029,257.681,5,4,0,0,163.854,11.008
5.3,14.857,33.320,5.656,146.573,252.909,5,4,0,0,170.921,11.937
5.3,15.484,32.167,4.811,159.919,250.446,5,4,0,0,164.506,31.690
5.3,12.663,25.970,3.274,161.162,257.099,5,4,0,0,163.507,14.088
5.3,13.171,26.393,3.375,166.522,255.338,5,4,0,0,166.145,14.865
5.3,14.649,33.195,5.351,156.300,251.769,5,4,0,0,166.137,16.665
5.3,13.162,26.402,3.380,168.821,256.276,5,4,0,0,165.496,14.862
5.3,15.443,30.220,3.658,162.469,253.260,5,4,0,0,165.826,16.611
5.3,15.612,39.936,6.307,134.449,254.678,5,4,0,0,163.778,11.011
5.3,15.936,35.291,3.967,153.225,250.973,5,4,0,0,168.462,12.653
5.3,15.616,39.942,6.307,140.302,258.403,5,4,0,0,164.731,11.009
5.3,15.129,34.463,5.860,177.998,254.625,5,4,0,0,171.241,13.396
5.3,15.936,35.285,3.965,139.224,252.354,5,4,0,0,168.431,12.655
5.3,16.008,36.301,4.244,141.076,253.127,5,4,0,0,167.426,15.193
5.3,15.135,34.477,5.861,176.720,253.745,5,4,0,0,169.904,13.397
5.3,17.815,44.767,6.299,138.365,256.001,5,4,0,0,167.250,12.325
5.3,16.064,39.432,6.086,137.851,263.147,5,4,0,0,166.669,24.246
5.3,13.309,25.951,3.179,141.468,258.911,5,4,0,0,164.507,23.517
5.3,15.423,33.317,5.814,176.643,258.009,5,4,0,0,171.178,20.377
5.3,13.103,25.894,3.166,139.262,261.259,5,4,0,0,164.704,27.636
5.3,15.936,35.296,3.969,146.379,250.316,5,4,0,0,167.871,12.656
5.3,15.125,34.459,5.863,174.190,256.793,5,4,0,0,170.620,13.396
5.3,18.561,44.777,5.892,145.745,255.678,5,4,0,0,169.897,19.975
5.3,10.135,26.093,5.402,143.775,256.343,5,4,0,0,165.931,15.508
5.3,9.715,26.492,5.766,128.803,253.834,5,4,0,0,164.921,16.081
5.3,10.084,26.098,5.558,136.317,258.156,5,4,0,0,168.742,21.535
5.3,10.142,26.100,5.400,132.692,260.275,5,4,0,0,165.417,15.508
5.3,7.897,24.568,6.107,163.829,256.089,5,4,0,0,171.013,22.663
5.3,8.359,24.065,5.705,108.815,256.193,5,4,0,0,171.255,15.950
5.3,4.692,10.172,2.948,163.388,260.878,5,4,0,0,163.384,21.575
5.3,4.881,13.434,5.920,100.226,259.542,5,4,0,0,164.644,19.099
5.3,4.171,10.129,3.282,95.420,259.887,5,4,0,0,163.868,22.277
5.3,9.635,22.843,3.541,144.762,256.881,5,4,0,0,164.309,24.199
5.3,8.371,24.088,5.703,98.384,257.315,5,4,0,0,171.032,15.952
5.3,10.128,26.081,5.404,130.148,256.919,5,4,0,0,165.539,15.507
5.3,10.417,23.666,3.343,175.390,253.607,5,4,0,0,160.554,21.094
7.4,19.202,3.711,6.337,147.315,255.994,5,4,0,0,165.271,7.170
7.4,18.999,3.708,6.187,151.952,258.700,5,4,0,0,168.083,8.589
7.4,16.755,3.716,4.780,122.618,255.715,5,4,0,0,167.023,2.624
7.4,13.061,3.719,3.185,136.681,250.578,5,4,0,0,166.183,1.479
7.4,14.691,3.726,3.903,162.290,252.026,5,4,0,0,163.680,0.004
7.4,19.059,3.703,6.078,149.038,257.396,5,4,0,0,171.193,9.294
7.4,14.698,3.726,3.905,146.824,251.768,5,4,0,0,162.867,0.003
7.4,16.666,3.707,4.710,172.478,256.938,5,4,0,0,165.875,14.222
7.4,14.702,3.726,3.907,132.958,253.090,5,4,0,0,164.105,0.003
7.4,14.700,3.726,3.906,124.440,252.565,5,4,0,0,164.080,0.008
7.4,14.700,3.726,3.907,134.504,252.893,5,4,0,0,163.221,0.000
7.4,19.064,3.703,6.080,141.649,258.203,5,4,0,0,171.295,9.296
7.4,14.036,3.709,3.474,159.043,251.638,5,4,0,0,168.628,4.659