5.3,4.2783,7.5274,1.5711,119.6204,194.8814,5,1,0,0,130.928,21.870
7.4,7.5009,3.2748,3.1057,78.4508,195.6712,5,1,0,0,130.714,0.000
7.4,7.5008,3.6138,4.2565,80.8280,194.3402,5,1,0,0,130.565,0.000
5.3,4.4695,0.9326,2.1765,156.3354,190.4444,5,1,0,0,125.883,11.680
5.3,4.2768,7.6184,2.2041,121.2307,194.3275,5,1,0,0,131.009,21.870
7.4,7.5001,4.1446,1.8298,76.1500,196.2296,5,1,0,0,130.656,0.000
5.3,15.7959,72.0464,54.5946,149.1275,1019.3158,36,0,0,0,318.381,26.650
5.3,16.5027,9.8200,20.6349,106.7262,1013.0140,36,0,0,0,323.956,26.000
5.3,26.8631,88.6231,24.3820,138.1761,1009.4400,36,0,0,0,308.587,7.150
5.3,16.2779,9.5393,35.3636,72.1542,1042.6329,36,0,0,0,336.362,47.320
5.3,39.4046,87.7294,20.9322,127.9970,1007.2323,36,0,0,0,313.660,6.970
5.3,37.6841,79.2565,36.9752,115.1478,1016.0634,36,0,0,0,314.884,39.730
5.3,38.2000,10.4370,20.2218,66.1900,1009.0773,36,0,0,0,321.476,38.270
5.3,16.1090,11.0844,5.1352,70.2183,1000.1121,36,0,0,0,297.078,9.180
5.3,37.2018,76.1183,13.0168,123.4485,1012.9871,36,0,0,0,317.408,30.620
5.3,36.8011,67.7025,9.3591,138.6170,1007.6921,36,0,0,0,303.518,26.160
5.3,40.0455,48.1786,18.7802,109.3067,990.9600,36,0,0,0,300.159,0.000
5.3,32.9508,77.4749,29.7965,133.1659,1013.1736,36,0,0,0,309.069,34.410
5.3,20.1443,16.6261,11.5371,75.2018,1025.1900,36,0,0,0,309.852,18.120
5.3,15.6945,23.5713,31.1803,56.3200,1005.9200,36,0,0,0,308.969,26.040
5.3,19.0398,25.0630,13.1548,114.6921,1001.3423,36,0,0,0,307.281,16.090
5.3,30.8661,53.4900,16.4224,118.8432,1002.9930,36,0,0,0,309.207,7.890
5.3,14.9751,15.6989,19.5902,89.5021,1008.2792,36,0,0,0,314.470,12.960
5.3,54.2100,8.3914,42.9849,76.2500,1007.2571,36,0,0,0,318.075,41.050
5.3,34.1016,31.9583,35.4550,103.6256,1016.1700,36,0,0,0,316.762,39.330
5.3,7.9025,37.7085,36.8182,140.0000,617.9000,21,0,0,0,251.034,41.800
5.3,16.6876,31.2856,16.3516,112.2377,606.9763,21,0,0,0,232.161,4.760
5.3,22.6789,84.4621,27.1122,125.8075,628.3580,21,0,0,0,249.859,32.340
5.3,20.5098,8.0301,17.0900,54.0078,605.9100,21,0,0,0,230.297,18.260
5.3,53.9815,136.2265,33.4588,125.4880,615.5262,21,0,0,0,257.769,54.440
5.3,43.2159,10.3919,45.3778,107.3242,616.4088,21,0,0,0,254.304,46.360
5.3,12.1701,28.5990,20.8917,87.1627,600.6664,21,0,0,0,233.690,20.000
5.3,9.3312,33.6100,25.4676,130.5265,600.7399,21,0,0,0,242.988,10.570
5.3,17.2700,77.2733,28.9583,119.4659,614.0736,21,0,0,0,236.110,45.750
5.3,12.9284,27.9751,9.6184,127.7853,617.8870,21,0,0,0,257.978,39.380
5.3,44.1763,10.3261,46.3864,107.8386,605.7112,21,0,0,0,228.951,0.000
5.3,15.0653,40.1497,35.5616,114.3222,629.8530,21,0,0,0,257.926,54.350
5.3,22.2041,6.3431,23.3015,125.7639,497.2688,16,0,0,0,225.370,9.510
5.3,22.2200,7.9374,29.7484,123.9656,498.1088,16,0,0,0,224.963,9.510
5.3,43.8875,4.7976,45.3261,114.5623,501.9128,16,0,0,0,226.735,28.450
5.3,27.3139,10.0360,36.2152,122.0794,503.4600,16,0,0,0,226.960,32.060
5.3,11.2415,46.6121,22.0280,151.3892,494.5824,16,0,0,0,216.962,2.800
5.3,48.0499,0.1906,45.6056,91.8534,503.3329,16,0,0,0,223.076,22.360
5.3,30.3085,79.6920,20.4711,106.3848,487.9884,16,0,0,0,220.642,14.660
5.3,9.2500,33.5152,26.8570,80.9000,492.1547,16,0,0,0,218.891,14.060
5.3,26.8520,69.9604,21.0483,99.9493,488.9130,16,0,0,0,220.700,0.000
5.3,9.6711,0.2016,8.0148,172.6457,462.6694,16,0,0,0,199.562,19.990
5.3,8.0805,24.0703,4.3738,171.6869,443.6512,16,0,0,0,190.524,0.000
5.3,12.8900,16.4023,3.8351,157.7200,466.4440,16,0,0,0,202.677,22.050
5.3,10.5655,0.7875,8.8109,138.1476,463.3583,16,0,0,0,193.342,1.940
5.3,18.4600,49.9045,13.1698,139.8059,470.3215,16,0,0,0,199.565,39.930
5.3,23.3318,21.3444,4.2582,173.5453,474.3230,16,0,0,0,209.383,38.620
5.3,30.9621,68.1940,13.5529,78.9814,886.5900,30,0,0,0,291.350,35.290
5.3,41.6603,45.8866,22.6319,123.6266,864.0145,30,0,0,0,294.134,48.940
5.3,35.3704,32.5571,16.4734,76.4590,870.7383,30,0,0,0,291.664,38.570
5.3,31.5338,74.0100,15.2531,76.9510,864.6300,30,0,0,0,287.591,26.090
5.3,30.8731,5.1043,27.5502,76.8123,869.9479,30,0,0,0,288.462,34.300
5.3,6.0634,32.2017,16.4077,149.7140,852.9689,30,0,0,0,288.249,12.690
5.3,31.3753,73.8758,15.2600,76.6401,861.5574,30,0,0,0,288.349,30.310
5.3,31.2255,70.3772,12.4676,77.3561,859.6600,30,0,0,0,287.272,24.830
5.3,33.7493,8.0992,30.8992,63.1644,849.7800,30,0,0,0,287.614,27.280
5.3,10.4452,23.2735,18.7800,144.6018,844.9283,30,0,0,0,286.963,1.090
5.3,13.7474,43.4203,16.4531,141.8107,847.8683,30,0,0,0,287.638,0.000
5.3,31.0097,2.8261,23.6536,76.4935,866.0600,30,0,0,0,288.258,28.550
5.3,31.7981,37.1500,23.3666,75.3992,864.2600,30,0,0,0,291.620,43.540
5.3,33.3049,35.4981,14.6636,76.6543,872.7081,30,0,0,0,293.288,38.400
5.3,18.6684,27.2911,12.9282,110.7260,484.7147,16,0,0,0,212.135,36.930
5.3,7.7962,20.4242,14.0327,133.4624,470.9672,16,0,0,0,200.639,14.950
5.3,12.3272,27.4771,12.7834,107.3329,471.0422,16,0,0,0,203.518,0.000
5.3,13.9067,17.0853,8.4925,115.2930,482.2558,16,0,0,0,207.429,23.010
5.3,18.1956,5.8625,6.5828,78.4167,477.5175,16,0,0,0,199.942,12.690
5.3,9.3300,17.8027,13.8781,108.0724,476.1638,16,0,0,0,204.004,7.590
5.3,45.6992,81.2400,11.6169,138.5955,1436.4070,51,0,0,0,406.253,50.900
5.3,25.0020,81.5263,50.3453,101.1057,1403.1765,51,0,0,0,383.726,15.800
5.3,23.5853,65.9023,89.5746,135.8253,1438.1871,51,0,0,0,411.800,55.840
5.3,38.0439,31.1049,8.1284,77.8539,1377.9846,51,0,0,0,378.225,4.940
5.3,13.8538,72.7476,43.0256,95.0620,1411.7200,51,0,0,0,383.807,40.780
5.3,13.4483,7.0672,38.3046,28.2570,1406.4800,51,0,0,0,373.213,18.680
5.3,26.6763,106.4205,43.9953,92.9977,1497.2346,51,0,0,0,479.039,109.740
5.3,16.1092,22.6854,28.3058,83.5312,1522.0300,51,0,0,0,436.289,178.080
5.3,164.3076,10.5643,125.7043,84.7859,1448.0554,51,0,0,0,427.678,88.640
5.3,67.5955,197.4600,34.5228,149.1528,1550.8084,51,0,0,0,479.956,181.570
5.3,8.9762,24.1817,32.0034,98.4900,1431.5673,51,0,0,0,391.874,27.470
5.3,19.2400,66.4907,24.1108,119.3297,1434.7706,51,0,0,0,427.692,53.340
5.3,15.1256,90.2273,49.2484,105.0992,1440.6854,51,0,0,0,414.112,64.940
5.3,38.7044,74.5600,32.7000,129.4904,1416.6900,51,0,0,0,387.373,21.010
5.3,17.8178,75.8008,94.1549,112.6629,1391.4337,51,0,0,0,375.706,30.670
5.3,38.1980,93.6194,39.4366,120.5791,1422.5979,51,0,0,0,397.944,64.040
5.3,8.9100,93.6864,74.0727,145.5557,1402.0260,51,0,0,0,378.814,10.020
5.3,66.3878,136.1028,51.3949,127.9895,1411.4578,51,0,0,0,411.660,71.960
5.3,53.5079,148.6642,104.1507,75.3890,1421.1300,51,0,0,0,411.868,53.240
5.3,186.2964,342.7191,41.1054,156.5133,1439.6522,51,0,0,0,433.797,78.920
5.3,33.0500,18.4295,59.1944,62.3286,1575.1263,51,0,0,0,490.250,201.400
5.3,75.5763,296.7927,89.7400,141.5889,1386.2030,51,0,0,0,369.579,10.060
5.3,40.1739,18.6398,69.8636,32.3882,1449.2623,51,0,0,0,451.937,56.320
5.3,27.7975,57.5854,11.5997,137.0725,1413.0267,51,0,0,0,395.614,41.970
5.3,82.9242,10.3113,98.2600,47.2212,1407.8127,51,0,0,0,361.070,0.000
5.3,53.9610,41.3869,97.3293,105.5945,1439.0813,51,0,0,0,435.599,85.900
7.4,4.5249,6.1155,14.9680,88.9596,259.5727,2,4,0,0,157.917,43.063
7.4,15.7535,5.5825,11.8599,138.0099,264.6700,2,4,0,0,157.919,43.067
7.4,11.8207,5.5771,8.1188,106.7118,267.8541,2,4,0,0,154.252,80.394
7.4,12.0180,5.5829,7.8482,157.3494,258.6216,2,4,0,0,147.535,52.549
7.4,7.8076,5.5257,6.5822,133.0848,269.3033,2,4,0,0,156.714,82.480
7.4,3.5315,6.0190,8.5300,110.8747,247.9653,2,4,0,0,145.754,49.935
7.4,11.7579,5.5800,9.7815,96.6169,256.7329,2,4,0,0,144.259,29.754
7.4,16.6585,5.5806,10.1608,103.5655,256.2707,2,4,0,0,144.210,28.597
7.4,12.3474,42.3900,13.2507,135.5415,255.1314,2,4,0,0,144.876,5.032
7.4,8.3195,5.5425,6.4849,101.9950,256.3820,2,4,0,0,148.935,66.766
7.4,8.6176,5.5210,4.5908,65.5202,262.3330,2,4,0,0,155.339,37.133
5.3,93.2994,8.0275,114.3333,142.2927,597.0514,6,1,0,0,264.952,85.910
5.3,8.5183,19.1069,52.1271,142.8650,598.5067,6,1,0,0,273.206,89.095
5.3,6.4779,87.7038,49.4464,130.2416,546.2073,6,1,0,0,223.376,45.863
5.3,12.4245,13.1102,33.6338,129.8908,552.2543,6,1,0,0,221.246,67.042
5.3,39.1016,4.0100,30.6062,110.1767,580.3971,6,1,0,0,230.299,85.008
5.3,18.9883,128.5669,98.8367,116.3775,596.4977,6,1,0,0,276.790,92.792
5.3,3.5215,126.5257,89.7446,120.3483,562.7169,6,1,0,0,223.649,40.644
5.3,69.3173,106.9968,75.2400,132.4637,597.3053,6,1,0,0,277.181,83.725
5.3,63.9600,8.0315,51.9317,112.7994,601.1024,6,1,0,0,260.432,91.769
5.3,54.7332,8.0619,45.8685,151.5743,596.4776,6,1,0,0,265.285,91.163
5.3,62.4942,8.1214,74.2600,152.8454,574.2823,6,1,0,0,251.543,81.809
5.3,90.3100,8.0031,98.2068,101.4962,590.7964,6,1,0,0,228.185,82.014
5.3,33.6150,8.0486,51.4361,127.4821,580.0600,6,1,0,0,233.593,70.016
5.3,76.3639,5.4812,82.4400,115.8297,592.5414,6,1,0,0,270.916,82.250
5.3,78.4244,4.4951,50.9942,141.7023,584.9319,6,1,0,0,262.799,70.582
5.3,9.7887,5.5900,15.3798,110.3540,567.1125,6,1,0,0,222.458,39.523
5.3,9.5614,5.6801,20.2240,145.2487,574.9594,6,1,0,0,216.766,45.184
5.3,17.7319,4.7085,19.1721,140.8020,558.6161,6,1,0,0,225.376,40.410
5.3,2.0661,14.7779,17.0237,170.2182,571.6024,6,1,0,0,221.339,30.144
5.3,74.4700,4.5003,68.2428,105.1000,589.2380,6,1,0,0,274.065,66.110
5.3,7.7600,5.5814,19.2401,102.4990,552.6209,6,1,0,0,224.765,35.997
5.3,7.1216,5.4208,15.8230,112.3785,573.8041,6,1,0,0,222.984,37.383
5.3,143.4939,5.6402,132.5198,150.3515,566.7911,6,1,0,0,226.062,10.204
5.3,117.2261,5.5000,96.2271,138.7860,590.6612,6,1,0,0,274.588,77.211
5.3,58.2709,5.4841,57.0584,135.3790,592.2066,6,1,0,0,275.034,83.145
7.4,12.0857,48.6943,47.7500,88.0434,589.8761,6,1,0,0,229.108,56.882
5.3,6.4348,47.5086,70.5865,27.8856,561.2997,6,1,0,0,217.718,2.818
5.3,7.7514,46.5200,41.0953,84.9661,570.9196,6,1,0,0,215.579,0.000
5.3,6.0880,47.4988,45.6038,48.8888,566.7213,6,1,0,0,246.214,49.566
7.4,10.4594,30.1364,7.4220,169.1361,563.1426,6,1,0,0,240.753,44.578
5.3,8.0866,89.3100,67.9730,135.5527,573.1910,6,1,0,0,244.548,60.803
7.4,18.8688,45.0818,21.8524,149.3296,583.2740,6,1,0,0,232.979,60.076
7.4,6.3933,40.3322,20.5296,155.0198,559.9874,6,1,0,0,224.036,16.122
7.4,6.9053,19.7890,11.6889,95.8600,559.6358,6,1,0,0,228.094,8.466
7.4,12.3428,91.3932,44.6083,81.3100,578.5773,6,1,0,0,252.258,36.768
7.4,10.0973,41.7637,16.0242,75.9635,570.8950,6,1,0,0,223.739,17.536
7.4,18.8682,73.7355,27.2857,135.7399,566.4254,6,1,0,0,230.462,32.860
7.4,6.0180,36.6953,16.8021,79.7758,564.3500,6,1,0,0,224.326,4.355
7.4,2.2463,90.0395,72.1744,133.2356,573.0500,6,1,0,0,250.267,10.466
7.4,2.1543,69.9801,61.9304,84.8119,596.9269,6,1,0,0,262.077,32.675
7.4,15.5445,73.5788,28.5762,76.4430,562.9379,6,1,0,0,222.605,9.824
7.4,9.1109,89.4100,59.3976,56.9130,577.3935,6,1,0,0,253.138,19.605
7.4,7.6436,24.6208,13.7833,90.7437,557.2247,6,1,0,0,217.843,4.211
7.4,5.7597,86.9113,61.9682,110.3210,577.2223,6,1,0,0,251.855,25.448
7.4,13.8735,58.3105,18.8320,76.0814,576.8290,6,1,0,0,231.679,25.417
7.4,12.0069,70.9005,48.6100,176.2357,571.0500,6,1,0,0,251.449,28.646
7.4,6.4162,23.9929,17.2405,132.7681,569.1398,6,1,0,0,234.666,15.654
5.3,13.2560,20.3661,16.0317,157.4102,568.7990,6,1,0,0,224.547,46.625
5.3,1.0055,18.8779,16.4934,127.0472,573.9739,6,1,0,0,226.075,40.215
5.3,0.3460,17.8100,17.2272,95.0211,561.1384,6,1,0,0,224.728,43.055
5.3,23.7730,168.8872,80.3609,144.6230,595.6353,6,1,0,0,268.548,76.829
5.3,19.0748,126.9223,55.5356,123.1504,589.6393,6,1,0,0,244.850,66.606
5.3,4.2759,16.9867,15.9363,168.1329,571.4240,6,1,0,0,220.814,33.578
7.4,4.3991,67.6229,45.4082,66.7462,569.2465,6,1,0,0,242.700,41.807
5.3,14.8821,110.7961,63.5381,136.9270,589.8353,6,1,0,0,265.197,65.405
7.4,5.7690,38.9580,23.1854,55.9732,549.0356,6,1,0,0,219.964,20.288
5.3,17.0496,63.4329,19.7281,126.0501,576.6600,6,1,0,0,232.505,57.281
5.3,1.5082,46.5755,51.7921,133.5753,563.1591,6,1,0,0,237.552,48.120
7.4,3.6611,112.7649,78.9636,95.6719,562.6223,6,1,0,0,256.177,32.230
5.3,43.3626,202.6039,60.3657,132.3729,582.6427,6,1,0,0,244.906,49.893
5.3,0.8100,16.5350,21.5565,138.5246,572.5352,6,1,0,0,238.430,39.362
5.3,27.7519,155.7914,61.9936,148.9610,590.4509,6,1,0,0,261.574,54.594
5.3,40.5659,194.6438,59.6387,124.9794,578.3544,6,1,0,0,253.214,71.725
7.4,12.1902,44.1140,20.0555,69.4217,564.4064,6,1,0,0,221.774,12.650
5.3,10.4043,5.7906,16.3109,161.0220,562.6476,6,1,0,0,222.492,53.653
7.4,6.3483,115.1700,77.9681,118.9933,583.4261,6,1,0,0,257.495,35.395
7.4,5.2467,115.1988,81.2190,131.1644,586.3600,6,1,0,0,259.680,44.128
5.3,5.6791,6.4800,16.9176,73.7621,554.0200,6,1,0,0,219.267,38.422
5.3,38.8214,141.2207,71.9712,79.6884,602.8100,6,1,0,0,272.705,84.776
5.3,74.7200,180.0491,63.3774,154.7434,578.9500,6,1,0,0,250.263,59.247
5.3,24.7928,15.8512,62.6363,96.7144,589.0272,6,1,0,0,266.916,82.657
5.3,11.4099,90.2787,44.8974,164.4459,593.7763,6,1,0,0,263.393,87.371
5.3,66.1303,175.3085,135.7666,174.6984,568.0960,6,1,0,0,228.260,66.415
5.3,44.1535,127.0968,87.9500,172.7178,580.7108,6,1,0,0,235.975,60.793
5.3,41.2064,219.8360,80.9998,125.1347,589.5300,6,1,0,0,266.403,69.250
5.3,92.3127,156.2979,8.9389,160.2625,431.0171,5,0,0,0,219.579,52.548
5.3,89.9129,140.9572,6.1200,164.1588,426.5494,5,0,0,0,220.304,50.764
5.3,75.8472,128.9097,7.1915,161.3712,420.5122,5,0,0,0,219.143,50.579
5.3,5.8500,8.8879,3.0560,125.5695,407.4900,5,0,0,0,174.105,6.118
5.3,6.2476,8.3700,4.2052,83.7791,410.5072,5,0,0,0,173.587,0.274
5.3,5.2245,8.3200,3.9414,161.2306,406.5958,5,0,0,0,173.507,3.885
5.3,82.4053,121.1425,4.9575,160.1549,428.0616,5,0,0,0,220.364,52.152
5.3,53.7438,106.2653,9.1800,168.0188,428.9362,5,0,0,0,214.874,50.156
5.3,85.6276,142.0845,8.4400,167.7185,426.8942,5,0,0,0,222.850,50.722
5.3,78.3912,127.3403,7.9700,160.6373,428.3195,5,0,0,0,221.427,51.329
5.3,71.5238,98.3191,3.3617,172.7710,427.8055,5,0,0,0,219.590,51.596
5.3,57.8439,77.1145,1.6224,168.1803,424.3675,5,0,0,0,210.355,51.526
5.3,0.7799,8.7710,6.0739,174.4067,411.3848,5,0,0,0,179.156,3.577
5.3,126.8186,206.7498,10.5769,163.1183,436.4938,5,0,0,0,224.997,52.100
5.3,70.9607,130.6346,9.6695,165.0354,425.7157,5,0,0,0,222.032,53.006
5.3,81.5545,136.4748,7.7700,160.9111,427.7300,5,0,0,0,220.214,50.192
5.3,116.7372,188.6166,9.9079,162.2223,434.9857,5,0,0,0,224.330,52.490
5.3,49.2897,96.8600,7.9653,160.8049,429.6700,5,0,0,0,216.023,51.324
5.3,63.7335,124.0017,9.9707,168.9103,425.4358,5,0,0,0,215.171,50.601
5.3,84.0300,141.9234,8.4300,168.4967,426.8956,5,0,0,0,223.737,52.938
5.3,72.4915,104.5646,3.4141,171.0286,426.2880,5,0,0,0,218.531,52.525
5.3,110.3173,179.5001,9.2991,162.8027,432.0555,5,0,0,0,222.727,51.570
5.3,110.8000,172.2269,8.2314,165.5831,431.5600,5,0,0,0,221.926,51.309
5.3,2.9513,8.8076,4.8939,153.8154,408.3917,5,0,0,0,177.803,0.000
5.3,84.4989,148.3165,9.0400,164.0538,431.1300,5,0,0,0,222.305,52.726
5.3,67.4880,97.6286,3.4885,161.8973,425.5958,5,0,0,0,214.028,52.782
5.3,7.7453,8.9073,8.1401,114.6254,424.6438,5,0,0,0,203.195,21.694
5.3,10.1914,8.8896,5.0664,76.6000,437.4538,5,0,0,0,203.319,24.470
5.3,32.4365,16.0100,6.6637,130.3920,434.0788,5,0,0,0,209.635,45.851
5.3,12.5787,8.9500,8.9714,138.7883,422.9295,5,0,0,0,202.182,19.857
5.3,5.6047,15.8836,7.2725,132.3033,415.4858,5,0,0,0,180.891,36.664
5.3,8.5719,8.9421,7.7186,162.7054,425.9225,5,0,0,0,200.215,21.035
5.3,32.9608,16.0072,3.9942,147.5973,431.8269,5,0,0,0,202.041,45.904
5.3,18.5700,16.0200,8.5300,156.0331,424.6284,5,0,0,0,204.281,46.146
5.3,24.7684,16.0092,5.2900,132.6098,427.7694,5,0,0,0,202.150,44.948
5.3,25.8783,15.9842,2.3161,172.7105,424.5890,5,0,0,0,202.622,47.374
5.3,10.9215,8.9300,5.0505,155.1331,414.9583,5,0,0,0,178.549,17.460
5.3,7.3300,8.9100,8.5392,151.2120,432.8029,5,0,0,0,202.430,20.778
5.3,0.7678,8.8195,5.0288,124.2086,412.7544,5,0,0,0,177.786,3.862
5.3,13.4630,8.9060,4.7915,149.9761,428.4438,5,0,0,0,202.628,20.460
5.3,13.8405,8.9294,3.3056,152.2996,427.4352,5,0,0,0,205.640,24.782
5.3,11.6682,8.9000,6.6527,142.6385,434.5704,5,0,0,0,203.644,24.706
5.3,27.9417,8.4636,6.5656,155.4259,431.4123,5,0,0,0,199.369,25.372
5.3,14.4473,8.4888,7.5127,99.9749,416.6974,5,0,0,0,173.018,11.747
5.3,32.0269,8.4700,7.7512,143.6995,428.0966,5,0,0,0,200.677,19.769
5.3,27.6383,8.4594,8.1972,163.1019,429.2800,5,0,0,0,202.236,23.802
5.3,12.3633,8.4400,6.8938,175.8829,414.8100,5,0,0,0,171.062,10.410
5.3,22.9932,8.4773,5.3429,146.9971,421.3254,5,0,0,0,203.821,20.101
5.3,26.6169,8.4782,6.1271,136.6872,429.2772,5,0,0,0,203.465,21.357
5.3,12.8404,8.4176,2.8518,171.2702,415.9801,5,0,0,0,178.544,14.443
5.3,10.9309,8.4541,1.3685,166.3743,419.2958,5,0,0,0,184.681,13.959
5.3,16.2205,8.4804,2.4795,148.4493,426.1262,5,0,0,0,197.749,19.428
5.3,6.1800,8.3729,3.8214,153.8713,404.7680,5,0,0,0,174.647,5.649
5.3,25.3597,8.4576,7.6925,167.8709,427.1145,5,0,0,0,199.342,23.047
5.3,23.3657,8.4751,7.3838,154.1989,426.0694,5,0,0,0,204.200,20.208
5.3,12.9165,8.4386,6.4800,149.6100,427.9700,5,0,0,0,200.437,22.508
5.3,26.1756,8.4800,6.1472,136.4694,424.2411,5,0,0,0,202.842,20.365
5.3,15.7499,8.4400,5.4677,153.2309,427.5598,5,0,0,0,205.348,23.731
5.3,21.0019,8.4797,3.9480,136.7411,425.1700,5,0,0,0,203.383,20.475
5.3,15.6720,8.4659,4.8298,169.1357,426.8008,5,0,0,0,203.581,24.945
5.3,5.8229,8.3600,4.0560,143.1500,407.0240,5,0,0,0,173.138,1.820
5.3,18.8582,8.4825,4.9850,160.6274,424.6888,5,0,0,0,200.682,19.990
5.3,26.9816,8.4700,5.3709,142.7020,426.7938,5,0,0,0,200.461,20.602
5.3,26.8074,8.4762,5.3000,142.2285,425.8421,5,0,0,0,201.818,20.431
5.3,28.6118,8.4700,5.9570,139.0145,425.0429,5,0,0,0,201.914,20.436
5.3,39.1953,15.9235,8.5873,140.1694,425.8529,5,0,0,0,206.100,44.839
5.3,13.2200,8.4700,3.2487,169.0425,424.7702,5,0,0,0,200.168,20.621
5.3,27.3800,8.4800,7.5036,142.4224,423.6558,5,0,0,0,204.454,20.231
5.3,27.6426,8.4700,7.7467,158.7300,433.1835,5,0,0,0,201.475,21.843
5.3,22.7456,8.4800,4.5687,134.5667,424.7700,5,0,0,0,204.692,20.467
5.3,40.0743,15.9224,5.7878,135.1149,431.9934,5,0,0,0,205.788,46.687
5.3,11.1649,28.5151,4.9160,157.4124,404.7630,5,0,0,0,172.330,13.206
5.3,38.9082,15.9269,6.6245,136.3937,424.4931,5,0,0,0,205.325,45.683
5.3,30.2477,15.9234,7.2617,161.2371,432.8818,5,0,0,0,208.039,45.055
5.3,33.5465,15.9273,4.9905,148.1179,425.8427,5,0,0,0,201.127,44.777
5.3,26.9244,8.4700,8.3746,157.6596,431.9115,5,0,0,0,204.533,21.381
5.3,29.7873,8.4751,7.7000,131.5817,427.7757,5,0,0,0,204.994,20.212
5.3,40.2819,15.9235,8.4993,138.8022,426.9046,5,0,0,0,207.392,47.438
5.3,36.0225,15.9276,9.0600,148.5002,423.0180,5,0,0,0,206.729,45.705
5.3,25.0047,8.4600,7.0370,151.0343,426.2700,5,0,0,0,203.614,24.073
5.3,14.3264,15.8658,9.4656,115.7689,422.0511,5,0,0,0,191.872,43.176
5.3,37.6692,15.9237,5.3830,137.8364,421.4245,5,0,0,0,204.760,46.220
5.3,21.8424,8.4744,5.3667,140.3398,426.1454,5,0,0,0,202.455,20.814
5.3,33.0456,15.9276,7.6656,157.3700,425.3622,5,0,0,0,206.297,45.578
5.3,7.7166,8.9400,3.8835,143.2703,409.6692,5,0,0,0,171.436,8.813
5.3,16.1747,8.9208,8.6800,127.0075,429.3004,5,0,0,0,206.453,19.652
5.3,2.0103,8.8300,6.4413,92.6321,406.7634,5,0,0,0,174.665,4.957
5.3,8.1652,8.8906,9.0304,137.1179,437.6100,5,0,0,0,205.662,24.894
5.3,15.8381,8.9086,2.6070,155.4350,426.0886,5,0,0,0,198.598,20.804
5.3,16.5889,8.9204,6.6280,116.3624,429.1214,5,0,0,0,205.241,20.159
5.3,11.8677,8.8964,6.6162,129.6030,424.8564,5,0,0,0,205.387,25.633
5.3,11.9346,8.9063,5.1400,127.9211,431.7086,5,0,0,0,200.623,20.436
5.3,6.9114,8.9063,8.4900,124.7809,428.7325,5,0,0,0,201.649,20.217
5.3,5.2759,8.9100,8.1176,144.4963,431.7609,5,0,0,0,201.706,21.103
5.3,5.0725,8.9000,8.5992,110.7365,426.4410,5,0,0,0,205.550,24.584
5.3,3.9566,8.9021,8.0963,165.5955,420.9175,5,0,0,0,187.086,19.135
5.3,8.2350,11.4122,12.6170,113.2419,470.6211,5,3,0,0,218.700,45.711
5.3,0.8687,11.4518,8.9991,147.6680,470.9479,5,3,0,0,205.301,41.780
5.3,4.6577,11.5110,6.8791,156.9372,472.3885,5,3,0,0,207.642,58.285
5.3,6.4815,11.4092,10.5279,136.2196,464.0216,5,3,0,0,209.473,43.079
5.3,3.2375,11.5090,19.5710,101.2071,472.5826,5,3,0,0,223.323,51.146
5.3,12.4747,11.5629,10.6099,147.7118,463.6610,5,3,0,0,215.269,36.052
5.3,7.9084,11.2802,18.0251,115.4038,486.0953,5,3,0,0,217.817,62.862
7.4,2.2915,20.2001,13.9131,109.7929,469.4600,5,3,0,0,210.096,43.013
5.3,10.7048,11.4358,17.9088,142.5299,488.2776,5,3,0,0,223.254,64.595
5.3,7.3674,11.4537,6.5300,144.1386,466.3280,5,3,0,0,221.641,49.520
7.4,29.1862,24.2441,24.8715,124.5857,467.8900,5,3,0,0,214.465,33.667
5.3,8.7202,11.3782,5.3300,147.7844,453.5200,5,3,0,0,197.121,35.877
5.3,15.0704,7.1200,21.9616,20.3214,474.1998,5,3,0,0,223.980,51.400
5.3,8.7772,11.4377,17.7241,132.7824,452.2372,5,3,0,0,208.529,23.332
7.4,16.4796,24.1082,13.9949,129.3699,467.0141,5,3,0,0,223.528,46.014
5.3,8.3331,11.3285,14.5893,133.2199,474.6017,5,3,0,0,221.677,73.193
5.3,33.9133,27.7989,12.4892,129.8079,476.1896,5,3,0,0,228.140,52.831
7.4,9.4391,1.7763,19.2742,105.0635,467.0505,5,3,0,0,209.043,42.039
7.4,8.8040,1.7945,17.6964,82.4114,468.3988,5,3,0,0,202.083,53.825
7.4,10.3698,1.7752,14.1596,102.5276,472.9752,5,3,0,0,217.576,62.601
7.4,11.3711,1.8051,14.5640,96.3900,474.1775,5,3,0,0,223.787,61.322
7.4,6.3455,1.7816,14.6229,160.1884,470.8200,5,3,0,0,202.221,45.616
7.4,6.7580,1.7892,14.2109,109.2778,471.8722,5,3,0,0,219.790,57.471
7.4,7.9567,1.8100,17.1360,90.6084,470.9107,5,3,0,0,224.691,56.427
7.4,4.6518,1.8037,10.0425,133.6435,466.6441,5,3,0,0,211.041,53.543
7.4,3.5950,1.7926,9.8409,135.4254,472.0016,5,3,0,0,198.512,40.087
7.4,3.7812,1.7208,7.3791,130.2547,473.4708,5,3,0,0,213.103,46.695
7.4,6.4775,1.8168,14.9052,88.8400,473.0410,5,3,0,0,218.359,58.693
7.4,4.3301,1.7553,7.7135,133.4088,470.6569,5,3,0,0,216.250,64.004
7.4,1.3322,1.7880,5.9631,141.2999,462.8911,5,3,0,0,194.986,44.138
7.4,6.8352,1.7925,15.5328,123.7731,463.7559,5,3,0,0,212.235,49.443
7.4,11.3875,1.7873,21.0490,107.2842,466.2300,5,3,0,0,221.732,57.227
7.4,8.6400,1.8028,17.6609,161.7882,467.2900,5,3,0,0,212.713,52.404
7.4,5.0396,1.8094,9.8898,156.8342,458.1147,5,3,0,0,197.844,51.857
7.4,7.2742,1.8006,15.1274,123.5361,466.0450,5,3,0,0,210.226,53.331
7.4,5.2045,1.7885,5.1676,109.3283,471.7782,5,3,0,0,218.459,57.432
7.4,3.6216,1.7798,9.5900,139.8625,467.2500,5,3,0,0,206.114,42.083
5.3,8.2344,11.4122,12.6100,113.0821,471.3727,5,3,0,0,218.977,45.711
5.3,0.8700,11.4518,8.9991,147.6700,470.9479,5,3,0,0,205.301,41.780
5.3,4.6516,11.5114,6.8682,157.2493,476.6505,5,3,0,0,207.460,57.436
5.3,6.4818,11.4092,10.5288,136.2179,463.9593,5,3,0,0,209.484,43.079
5.3,3.2375,11.5090,19.5710,101.2072,472.5826,5,3,0,0,223.323,51.146
5.3,12.4747,11.5629,10.6099,147.7118,463.6610,5,3,0,0,215.269,36.052
5.3,7.9100,11.2802,18.0249,115.4039,486.2144,5,3,0,0,217.754,62.862
7.4,2.2911,20.1997,13.9142,109.7914,469.4600,5,3,0,0,210.096,43.013
5.3,10.7115,11.4382,17.8935,142.4537,488.2776,5,3,0,0,223.236,64.595
5.3,7.3674,11.4537,6.5322,144.1388,465.8496,5,3,0,0,221.674,49.520
7.4,29.1568,24.2474,24.8877,124.5293,467.8400,5,3,0,0,214.387,33.667
5.3,8.7162,11.3779,5.3238,147.7921,455.6909,5,3,0,0,197.088,35.877
5.3,15.0771,7.1240,21.8932,20.3882,474.1998,5,3,0,0,223.980,51.400
5.3,8.7773,11.4373,17.7002,132.7200,452.5441,5,3,0,0,208.609,23.332
7.4,16.4801,24.1057,13.9824,129.4202,466.9003,5,3,0,0,223.457,46.014
5.3,8.3200,11.3285,14.5754,133.2290,473.0433,5,3,0,0,221.584,73.193
5.3,33.9230,27.8031,12.4972,129.8088,476.6197,5,3,0,0,228.354,52.830
7.4,16.7130,35.8047,12.7661,151.5239,448.4239,5,3,0,0,193.897,0.000
7.4,44.3722,54.0102,9.5900,163.6418,472.2250,5,3,0,0,220.981,38.982
7.4,23.8732,82.6000,19.9653,167.7586,459.7675,5,3,0,0,196.658,30.320
7.4,42.2527,88.8500,10.1584,172.7535,471.2274,5,3,0,0,208.854,39.868
7.4,17.6609,58.6980,23.4082,166.6515,465.3500,5,3,0,0,216.079,29.142
7.4,1.3985,22.0480,19.0444,128.4725,463.5787,5,3,0,0,206.897,14.975
7.4,28.7010,80.8931,17.4339,162.1475,464.7068,5,3,0,0,223.667,37.264
7.4,53.0569,94.8711,13.0832,159.0071,465.0467,5,3,0,0,213.772,39.445
7.4,22.4841,25.6787,12.1199,170.5153,460.9007,5,3,0,0,210.488,21.058
7.4,26.8534,81.3569,19.6186,144.1700,463.5719,5,3,0,0,206.548,33.184
7.4,4.3478,25.5907,19.0058,137.2560,454.4652,5,3,0,0,209.746,11.597
7.4,15.0549,23.6149,5.6148,145.1311,452.1882,5,3,0,0,195.409,16.455
7.4,57.6878,62.2393,11.0923,151.9323,482.2827,5,3,0,0,236.285,49.025
7.4,20.5917,24.3844,11.4281,133.6234,466.2914,5,3,0,0,208.036,17.742
7.4,13.0728,24.8370,15.5000,142.9230,456.7011,5,3,0,0,214.166,20.475
7.4,27.9135,25.3775,17.8409,140.8791,463.2556,5,3,0,0,216.352,31.565
7.4,5.1848,34.8568,17.0479,161.2981,457.9413,5,3,0,0,198.260,7.393
7.4,33.5089,81.5952,13.3209,145.3567,471.4579,5,3,0,0,219.991,36.753
7.4,53.5002,85.3372,10.1266,156.1838,469.5776,5,3,0,0,228.760,44.821
7.4,4.8877,23.5913,7.2389,145.0661,469.4182,5,3,0,0,203.117,24.218
7.4,3.9113,23.6417,9.4340,144.6366,469.8553,5,3,0,0,215.239,30.502
7.4,3.8757,23.5834,9.2103,139.0953,477.2893,5,3,0,0,211.851,31.510
7.4,0.7433,23.9486,17.1248,148.0289,483.4031,5,3,0,0,226.094,33.578
7.4,3.8375,23.8324,8.9946,144.1845,473.7600,5,3,0,0,216.043,28.751
7.4,2.4301,20.3435,16.9254,109.5609,465.2408,5,3,0,0,203.938,25.092
7.4,2.1472,24.2700,15.1648,149.0647,466.4684,5,3,0,0,213.035,19.225
7.4,2.8707,23.2198,17.1112,118.9113,463.7567,5,3,0,0,213.368,26.164
7.4,2.1251,24.1311,19.1549,123.1773,469.4384,5,3,0,0,219.041,32.874
7.4,3.6487,24.0121,9.1380,146.1647,473.8565,5,3,0,0,207.209,23.746
7.4,3.0838,19.1266,18.8213,143.4255,460.8410,5,3,0,0,198.065,34.684
7.4,4.7597,23.0000,10.3897,126.0802,461.4362,5,3,0,0,210.282,28.564
7.4,2.4076,23.9900,21.9421,118.8739,460.7392,5,3,0,0,199.871,23.585
7.4,0.4344,22.8590,19.4272,113.6400,473.8647,5,3,0,0,217.759,23.695
7.4,2.4917,23.6887,19.8676,149.4262,471.0936,5,3,0,0,224.822,36.364
7.4,2.0586,24.1244,16.3708,108.9875,466.0661,5,3,0,0,212.379,22.006
7.4,5.2087,23.4461,6.6289,131.3774,474.7582,5,3,0,0,202.625,26.945
7.4,1.1600,24.1208,17.1966,152.9198,480.4958,5,3,0,0,229.736,32.897
7.4,1.2146,24.0015,15.0695,144.0754,470.9135,5,3,0,0,217.268,25.399
7.4,0.2942,19.3744,18.9200,138.2781,465.8653,5,3,0,0,219.726,41.191
7.4,1.6046,23.7557,15.5723,149.7784,470.3325,5,3,0,0,204.127,18.614
7.4,1.4965,24.4699,17.5389,148.3429,448.8563,5,3,0,0,202.246,16.840
7.4,5.7626,23.4198,6.0919,152.7558,468.0489,5,3,0,0,201.620,27.362
7.4,8.9726,1.7548,18.5421,73.3238,463.5839,5,3,0,0,218.767,63.674
7.4,2.2509,23.5358,12.6292,98.1600,477.6789,5,3,0,0,221.621,32.420
7.4,3.8589,24.3296,11.8439,157.1396,465.8132,5,3,0,0,206.239,27.964
5.3,3.3800,10.8401,6.6035,140.7134,459.6233,5,3,0,0,204.948,49.212
7.4,3.0343,24.0162,16.7426,88.7589,469.4837,5,3,0,0,207.568,36.744
7.4,3.2394,23.3458,13.1903,151.0163,478.6590,5,3,0,0,226.954,37.466
5.3,4.7292,11.9956,8.6800,135.7723,472.1827,5,3,0,0,204.130,27.294
5.3,14.2326,8.3530,19.1563,112.5513,473.8957,5,3,0,0,222.786,43.586
7.4,25.1380,61.6729,21.9532,116.2640,464.1026,5,3,0,0,200.890,57.540
7.4,5.9985,23.2918,5.9452,134.5405,459.3596,5,3,0,0,216.549,16.309
7.4,3.1218,24.1648,22.3975,42.6695,473.9276,5,3,0,0,208.882,57.470
5.3,18.3857,10.4096,33.4568,48.4548,481.5200,5,3,0,0,228.891,50.507
5.3,11.3480,11.8914,22.5600,104.5586,467.4471,5,3,0,0,213.458,37.634
5.3,12.2526,35.8769,18.5314,129.6876,468.4082,5,3,0,0,219.130,46.099
5.3,25.6575,67.1035,11.0621,170.6065,472.9785,5,3,0,0,220.584,81.418
7.4,0.6576,23.9689,18.9225,113.0843,476.6142,5,3,0,0,223.526,31.986
7.4,28.4415,65.4980,17.9540,158.9760,471.5872,5,3,0,0,222.608,34.258
5.3,4.1370,10.5354,18.2003,97.2393,470.0309,5,3,0,0,218.838,38.513
5.3,23.2477,52.6317,6.3818,161.5633,471.5703,5,3,0,0,208.541,70.301
5.3,16.8440,39.8590,18.9715,88.7000,471.7614,5,3,0,0,234.727,82.144
5.3,10.8330,47.1432,16.4136,126.1227,472.0233,5,3,0,0,224.278,53.777
5.3,6.0209,10.5645,20.4835,56.0305,469.8214,5,3,0,0,221.689,34.762
7.4,3.4711,22.8342,12.3203,126.5533,468.2200,5,3,0,0,212.245,27.693
5.3,7.0019,29.8549,17.4837,143.6422,450.0000,5,3,0,0,206.152,41.621
5.3,3.7172,10.4239,8.0744,110.1884,463.7011,5,3,0,0,204.046,31.490
5.3,10.4464,14.3377,16.5036,94.0800,459.5579,5,3,0,0,204.567,60.735
5.3,11.8563,51.2678,19.2629,129.1587,476.1280,5,3,0,0,216.019,66.261
5.3,10.4597,54.9900,18.0950,156.4657,473.7374,5,3,0,0,221.874,76.900
7.4,28.3806,71.2615,18.2163,122.5725,467.1569,5,3,0,0,218.681,32.807
5.3,19.0676,48.2774,12.0650,142.3234,454.6873,5,3,0,0,203.329,61.401
5.3,8.6775,34.0830,19.5576,91.5482,468.8741,5,3,0,0,228.238,80.447
7.4,1.9272,24.2375,15.5719,102.9406,478.2747,5,3,0,0,226.060,31.526
7.4,4.7762,23.7432,7.2417,172.2283,466.6742,5,3,0,0,200.477,64.241
7.4,21.1365,50.5477,8.6246,152.0829,457.6176,5,3,0,0,193.542,9.593
7.4,10.9149,0.4434,7.0194,110.2273,249.7512,2,4,0,0,142.544,6.454
7.4,9.3760,0.4426,6.1729,134.0218,255.9876,2,4,0,0,147.014,22.572
7.4,12.2291,0.4440,8.3207,89.4960,254.5027,2,4,0,0,146.945,9.041
7.4,16.4078,0.4467,11.8188,100.9034,282.4928,2,4,0,0,157.682,33.381
7.4,12.7965,0.4467,8.6472,138.2216,255.4348,2,4,0,0,145.112,3.873
7.4,15.2400,0.4475,10.5805,98.6217,284.4200,2,4,0,0,153.015,32.437
7.4,11.7510,0.4427,8.3899,126.4456,264.8488,2,4,0,0,155.012,13.757
7.4,9.9200,0.4422,7.9384,125.0323,259.9100,2,4,0,0,147.334,4.971
7.4,11.9286,0.4486,8.1233,154.2017,258.4733,2,4,0,0,147.401,7.187
7.4,11.8208,0.4421,7.8557,114.5410,259.6634,2,4,0,0,145.381,11.083
7.4,12.5372,0.4441,8.3372,127.8896,254.5660,2,4,0,0,145.407,8.559
7.4,12.2320,0.4440,8.3227,95.1386,256.0081,2,4,0,0,146.105,9.040
7.4,16.0545,0.4436,11.7263,117.7202,261.2852,2,4,0,0,158.351,18.733
7.4,13.0564,0.4437,8.7119,108.5349,256.3800,2,4,0,0,145.946,12.085
7.4,11.9539,0.4487,8.1411,101.4265,255.7316,2,4,0,0,145.747,7.184
7.4,13.1554,44.2500,11.2210,142.9953,260.6317,2,4,0,0,164.816,53.227
7.4,9.7321,0.4438,7.5725,136.0426,259.3524,2,4,0,0,147.556,3.945
7.4,13.0459,0.4479,8.9033,115.0471,258.0525,2,4,0,0,144.908,4.606
7.4,10.2727,0.4409,6.7563,115.1348,255.1019,2,4,0,0,147.789,17.509
7.4,12.7969,0.4467,8.6500,141.4246,253.0689,2,4,0,0,144.981,3.873
7.4,12.0445,0.4419,8.0300,121.4084,256.8494,2,4,0,0,142.812,7.617
7.4,14.3661,0.4485,9.8300,128.9033,255.2149,2,4,0,0,145.848,2.596
7.4,11.4681,0.4434,7.5337,118.3044,259.7709,2,4,0,0,146.558,6.852
7.4,12.2270,0.4428,8.6332,111.3845,263.4000,2,4,0,0,153.768,17.904
7.4,2.2642,3.4136,6.1103,56.4850,254.6774,2,4,0,0,143.004,33.308
7.4,11.0841,0.4510,7.3135,118.8085,254.1213,2,4,0,0,144.327,43.144
7.4,5.0433,0.4489,3.0889,151.9257,247.0106,2,4,0,0,137.859,27.883
5.3,17.1238,47.3600,7.5559,124.2448,252.5663,2,4,0,0,147.481,68.648
5.3,16.5498,50.2748,9.7979,135.4993,254.6704,2,4,0,0,149.405,67.295
5.3,13.0115,36.9314,7.2996,154.6982,263.5076,2,4,0,0,147.864,66.430
7.4,12.1486,0.4448,7.9891,141.9910,255.4924,2,4,0,0,144.553,7.275
7.4,9.7066,39.7147,12.3272,139.3024,259.4230,2,4,0,0,159.011,41.554
7.4,9.4972,0.4465,6.1798,169.7503,253.7423,2,4,0,0,142.744,1.114
7.4,10.0776,0.4460,6.4019,140.5890,251.6781,2,4,0,0,142.783,35.751
7.4,4.0915,3.0600,7.2541,147.3254,254.4435,2,4,0,0,147.223,8.076
7.4,3.6081,3.0666,5.1900,100.7625,257.1422,2,4,0,0,139.992,2.610
7.4,3.8743,3.0601,9.8903,116.3508,256.5371,2,4,0,0,144.879,2.244
7.4,2.2626,3.0590,6.9033,134.4491,252.1509,2,4,0,0,140.215,0.002
7.4,3.7783,3.0631,6.6094,142.3981,251.5432,2,4,0,0,146.663,7.854
7.4,4.1890,3.0603,8.9006,100.0232,260.9583,2,4,0,0,146.076,4.605
7.4,2.2621,3.0589,6.9069,137.9674,251.0000,2,4,0,0,140.901,0.000
7.4,4.2542,3.0627,8.2262,144.2438,254.1073,2,4,0,0,147.268,7.181
7.4,2.2489,3.0587,6.1790,111.7070,251.7268,2,4,0,0,142.103,1.110
7.4,3.8743,3.0601,9.8896,112.1990,256.2223,2,4,0,0,146.152,2.245
7.4,3.8450,3.0627,9.9155,109.9009,255.9324,2,4,0,0,145.904,2.416
7.4,3.1689,3.0553,8.3420,95.8290,256.7753,2,4,0,0,145.444,5.897
7.4,4.3158,3.0636,8.0921,123.6457,258.5919,2,4,0,0,146.954,7.183
7.4,11.6811,31.3514,5.9626,108.1565,249.8491,2,4,0,0,146.696,38.672
7.4,3.2094,3.0540,8.4477,117.1693,253.8244,2,4,0,0,144.587,5.986
7.4,5.9529,3.6989,3.6525,90.8040,253.3346,2,4,0,0,144.329,44.869
7.4,4.7555,3.4389,8.7533,76.1131,263.3045,2,4,0,0,150.390,41.476
7.4,4.7641,3.0804,7.7234,125.9238,260.1259,2,4,0,0,145.274,6.859
7.4,6.4384,3.5441,7.8019,103.5999,263.2831,2,4,0,0,151.857,44.157
7.4,5.8762,3.5549,5.7439,99.5848,260.5348,2,4,0,0,148.752,45.966
7.4,6.9270,3.5067,9.6587,31.6049,268.1668,2,4,0,0,155.647,45.203
7.4,4.4591,3.4784,11.0428,61.2678,267.3317,2,4,0,0,154.796,43.805
7.4,4.8290,3.4862,12.9535,95.5661,268.4749,2,4,0,0,160.389,50.868
7.4,6.0149,3.5044,5.6121,32.1565,254.3575,2,4,0,0,146.742,44.637
7.4,5.2000,3.5300,10.6907,74.2700,263.9226,2,4,0,0,157.715,51.990
7.4,6.1647,3.5313,5.4594,53.0740,255.3199,2,4,0,0,146.715,43.249
7.4,6.3088,3.5791,6.4018,62.0150,262.6037,2,4,0,0,150.308,47.815
7.4,2.2701,3.5239,6.8700,68.1360,262.8356,2,4,0,0,147.784,31.176
7.4,2.8201,3.4753,8.3511,97.1985,260.7461,2,4,0,0,151.697,48.195
7.4,2.1029,3.4529,5.8189,91.7873,253.5314,2,4,0,0,143.662,36.437
7.4,7.4677,3.5028,5.5609,60.9310,260.7495,2,4,0,0,152.611,46.246
7.4,4.7911,3.5240,10.7166,82.8374,265.9020,2,4,0,0,153.745,44.870
7.4,1.7005,3.4739,6.0675,99.7831,261.3350,2,4,0,0,144.909,33.948
7.4,2.5309,3.4762,11.6897,136.0221,262.5106,2,4,0,0,157.051,50.162
7.4,6.5107,3.5173,6.7022,102.7581,261.2000,2,4,0,0,146.640,44.000
7.4,5.4596,3.5207,10.3550,113.1772,265.0665,2,4,0,0,158.259,46.744
7.4,2.2475,3.0589,6.1744,139.5712,251.8203,2,4,0,0,143.521,1.108
7.4,1.9335,3.4268,7.3268,128.0514,256.9037,2,4,0,0,145.869,35.074
7.4,1.9563,3.4267,6.3423,52.1658,255.6209,2,4,0,0,143.934,35.584
7.4,5.7646,3.5160,6.1121,69.4577,261.7894,2,4,0,0,148.643,46.026
7.4,4.8773,3.4369,8.7794,68.6662,262.3416,2,4,0,0,149.191,42.924
7.4,7.3659,0.4440,7.4374,121.2392,258.8567,2,4,0,0,146.785,16.254
7.4,5.7886,3.0551,4.0202,151.1428,254.5210,2,4,0,0,142.425,12.685
7.4,3.0338,3.2531,10.9533,130.7072,264.8616,2,4,0,0,157.843,18.878
7.4,7.5260,0.4247,6.4307,144.7729,260.4925,2,4,0,0,147.811,19.967
7.4,12.8508,0.7612,14.2981,126.9743,268.8358,2,4,0,0,157.031,22.925
7.4,1.0924,3.2087,6.5860,132.8519,259.9509,2,4,0,0,146.743,8.928
7.4,4.2558,3.2554,12.5946,95.2639,262.6500,2,4,0,0,152.150,11.663
7.4,3.6253,3.0548,8.9800,108.9943,252.9240,2,4,0,0,143.022,6.105
7.4,10.7257,0.4386,9.8504,131.2396,262.5822,2,4,0,0,153.657,17.006
7.4,10.6490,0.4470,8.8386,156.3089,268.5320,2,4,0,0,154.850,18.146
7.4,12.2056,0.7613,12.6833,137.6305,267.1096,2,4,0,0,158.052,21.833
7.4,1.6218,3.4698,8.4700,151.9549,256.7253,2,4,0,0,148.420,8.070
7.4,4.3417,0.7597,7.2374,107.4763,262.7379,2,4,0,0,151.413,20.573
7.4,2.6455,3.2519,11.6318,118.7650,261.9298,2,4,0,0,156.895,19.187
7.4,1.3024,3.2086,6.8600,130.5087,256.3909,2,4,0,0,146.734,7.336
7.4,3.3401,4.7573,11.2591,137.4547,267.2325,2,4,0,0,157.842,18.161
7.4,1.0552,4.7698,9.8500,97.7501,255.2375,2,4,0,0,147.078,6.216
7.4,3.1064,3.2600,5.6439,139.2111,261.1243,2,4,0,0,148.625,12.356
7.4,5.5161,3.0387,7.2818,143.9223,254.1771,2,4,0,0,144.799,9.015
7.4,12.4090,2.2694,13.5791,145.1063,263.3326,2,4,0,0,155.575,17.767
7.4,3.9094,3.2612,10.5628,69.4388,263.5900,2,4,0,0,159.394,18.819
7.4,1.3453,3.2655,6.0715,161.2228,256.8200,2,4,0,0,150.694,14.291
7.4,2.8394,0.7600,5.5608,144.1036,255.9703,2,4,0,0,145.792,10.662
7.4,8.3400,0.4497,6.1100,103.5476,260.0740,2,4,0,0,147.897,12.714
7.4,12.2329,0.7616,11.0829,144.2873,267.1100,2,4,0,0,157.747,17.597
7.4,16.0392,0.8400,12.2279,125.2767,268.8500,2,4,0,0,158.472,52.683
7.4,5.8600,0.8997,5.1018,78.5645,253.6485,2,4,0,0,143.084,42.017
7.4,5.6546,0.7680,5.2080,116.6252,252.5046,2,4,0,0,144.784,39.045
7.4,13.4640,0.8329,10.6705,110.8465,270.3285,2,4,0,0,160.266,53.344
7.4,3.8683,0.7814,5.6285,134.6165,254.7754,2,4,0,0,144.543,36.417
7.4,14.1291,0.8400,8.7491,98.5900,263.5450,2,4,0,0,154.087,57.182
7.4,14.7322,0.8500,9.7500,110.1133,264.2965,2,4,0,0,155.719,52.192
7.4,13.6913,0.8761,12.5079,142.2175,266.5011,2,4,0,0,159.002,54.768
7.4,3.2954,0.8417,4.8845,134.4350,251.7900,2,4,0,0,142.601,35.557
7.4,13.0035,0.8600,11.7945,122.1447,269.6964,2,4,0,0,160.522,53.246
7.4,10.7927,0.8359,8.7273,156.5899,263.0238,2,4,0,0,155.999,53.216
7.4,17.8121,0.8529,11.3720,98.1293,267.3612,2,4,0,0,157.939,52.754
7.4,12.9207,0.8764,13.0565,135.0834,267.8941,2,4,0,0,160.453,53.955
7.4,16.7777,0.8574,13.8065,105.2790,270.1378,2,4,0,0,159.436,54.148
7.4,13.4446,0.8279,13.2386,128.5459,268.0153,2,4,0,0,161.239,58.453
7.4,44.8609,100.2738,18.8176,170.1888,499.3915,5,6,0,0,226.449,31.199
7.4,44.5613,91.6764,9.3278,168.0092,504.5911,5,6,0,0,222.130,67.762
7.4,34.1905,78.8259,21.8573,148.7691,503.8122,5,6,0,0,229.674,23.766
7.4,7.6444,16.6217,9.7259,174.3495,492.4731,5,6,0,0,230.049,21.680
5.3,2.9308,9.0688,12.6815,123.4311,497.1780,5,6,0,0,205.694,50.192
7.4,13.7031,20.3261,12.0602,160.4409,494.7155,5,6,0,0,212.190,24.067
5.3,7.9950,35.7123,11.3735,143.1514,510.5245,5,6,0,0,245.537,48.474
7.4,24.7171,73.7602,15.0763,153.2356,501.0135,5,6,0,0,218.990,61.783
5.3,11.0522,27.6356,10.2819,138.9045,497.0587,5,6,0,0,224.168,11.107
5.3,2.0566,27.7400,20.1925,140.0077,511.7000,5,6,0,0,230.747,69.022
7.4,39.4125,58.1529,6.0795,165.3606,482.6700,5,6,0,0,209.508,45.714
7.4,6.0725,28.2471,17.3494,149.1160,497.6700,5,6,0,0,214.528,12.609
7.4,2.4751,3.3537,4.2443,154.5210,493.8800,5,6,0,0,215.317,28.451
7.4,9.4018,9.5926,5.9575,171.6167,484.6385,5,6,0,0,203.372,6.908
7.4,33.2239,3.3633,21.4698,126.4888,488.6979,5,6,0,0,220.359,40.383
7.4,20.4505,2.1506,17.9084,119.2938,501.0962,5,6,0,0,241.866,45.793
7.4,21.6324,2.2302,16.3971,122.2418,501.0700,5,6,0,0,235.694,41.238
7.4,4.9229,2.2866,7.6553,139.4551,490.3672,5,6,0,0,215.224,20.435
7.4,7.5240,2.2434,9.6562,95.9326,488.2929,5,6,0,0,207.937,24.973
7.4,37.1910,3.3939,23.5200,113.9030,490.9089,5,6,0,0,222.475,41.333
7.4,4.8683,3.3568,5.1843,127.6534,485.6183,5,6,0,0,220.451,25.407
7.4,7.6891,2.1932,12.0000,145.9569,496.2322,5,6,0,0,230.951,34.610
7.4,7.0683,17.6549,7.9761,163.9318,484.1559,5,6,0,0,211.217,3.837
7.4,20.5695,2.2234,14.1904,136.8832,494.8593,5,6,0,0,213.776,41.188
7.4,8.5002,9.8528,5.7967,169.9139,492.9347,5,6,0,0,214.074,0.000
7.4,10.3001,3.3673,6.9686,156.4733,495.8047,5,6,0,0,210.920,24.045
7.4,19.6882,20.1312,10.6362,153.8795,487.2944,5,6,0,0,208.802,2.125
5.3,6.3372,42.8117,18.3290,168.1819,494.6928,5,6,0,0,216.155,50.835
7.4,0.5219,2.2786,1.4103,121.8941,491.6068,5,6,0,0,221.251,62.579
5.3,27.4502,47.3893,18.7652,160.0488,495.1120,5,6,0,0,216.123,54.271
7.4,25.3729,33.8685,1.1324,159.2430,482.5180,5,6,0,0,213.183,35.471
7.4,18.5300,32.6058,13.9159,153.1315,490.6297,5,6,0,0,211.151,17.524
5.3,10.6133,33.5105,21.7872,132.7747,489.0237,5,6,0,0,203.222,42.807
7.4,8.5346,2.2014,10.2901,146.3785,480.1077,5,6,0,0,205.645,42.821
5.3,2.0829,8.3062,12.5548,107.2657,497.9452,5,6,0,0,219.242,23.606
5.3,26.4235,73.6246,13.5955,170.2590,482.0450,5,6,0,0,203.094,40.370
7.4,13.2498,21.2030,9.2292,155.8248,492.0497,5,6,0,0,215.531,45.053
7.4,8.0018,2.2294,9.7718,131.4127,486.8352,5,6,0,0,225.303,37.800
5.3,15.8091,37.7535,7.9992,148.0126,486.5792,5,6,0,0,208.732,55.797
7.4,7.8033,21.7869,10.6902,161.0645,487.7579,5,6,0,0,213.344,23.175
7.4,7.3287,15.4850,5.8146,169.2594,492.2300,5,6,0,0,211.542,24.631
7.4,4.0285,2.2178,6.0013,144.1900,483.9353,5,6,0,0,210.845,27.670
7.4,3.5671,9.9398,7.0578,160.4142,479.6886,5,6,0,0,198.708,23.903
7.4,5.2651,14.8968,8.8753,165.0680,484.4566,5,6,0,0,203.750,28.822
7.4,35.5887,98.3154,16.7349,177.9621,487.0138,5,6,0,0,216.944,48.174
7.4,21.5024,30.6768,8.8953,174.4777,500.4108,5,6,0,0,212.297,47.172
7.4,42.6400,86.2600,9.4482,175.1200,501.3741,5,6,0,0,239.633,52.044
7.4,5.7963,14.7330,6.8600,162.9197,472.6300,5,6,0,0,200.118,27.673
7.4,17.8165,41.8289,7.4840,173.5610,485.4106,5,6,0,0,223.095,34.962
7.4,8.0599,24.2228,8.8168,163.0715,492.6521,5,6,0,0,216.984,33.638
7.4,12.9193,29.2234,7.8631,175.4831,495.4418,5,6,0,0,222.394,39.312
7.4,31.9317,62.1017,11.5514,170.7780,492.4133,5,6,0,0,217.323,41.773
7.4,13.8076,28.7893,6.7271,174.1239,492.3275,5,6,0,0,218.234,41.936
7.4,10.8737,21.5073,5.1736,167.3636,490.2466,5,6,0,0,213.847,36.335
7.4,10.4990,30.2367,11.2681,164.5569,481.1612,5,6,0,0,210.720,31.285
7.4,44.8641,100.2754,18.8170,170.1893,499.5107,5,6,0,0,226.401,31.199
7.4,44.5516,91.7366,9.3315,167.9925,506.4228,5,6,0,0,222.241,67.762
7.4,34.1712,78.7893,21.8541,148.7539,502.5540,5,6,0,0,229.616,23.765
7.4,36.2814,84.6017,14.3677,175.6157,492.4799,5,6,0,0,230.018,21.680
5.3,7.6596,9.0678,11.1819,133.8302,502.5209,5,6,0,0,231.562,31.402
7.4,41.0158,99.7572,13.3883,170.7214,496.8600,5,6,0,0,205.644,50.192
7.4,15.4721,20.3328,12.3198,159.7250,492.8960,5,6,0,0,216.165,63.735
5.3,7.9915,35.7060,11.3737,143.1595,510.2055,5,6,0,0,245.477,48.474
5.3,4.1992,27.6356,17.0754,139.3127,491.5334,5,6,0,0,225.918,26.219
5.3,5.7712,27.7443,19.9068,131.0248,500.7744,5,6,0,0,219.108,61.783
7.4,35.7104,58.1248,3.6899,168.6079,497.1778,5,6,0,0,224.097,11.107
7.4,10.2147,28.2391,18.1619,143.8834,511.7000,5,6,0,0,230.707,69.022
5.3,6.3377,42.8148,18.3307,168.1702,494.6928,5,6,0,0,216.155,50.835
7.4,0.5200,2.2787,1.4097,121.9166,491.0113,5,6,0,0,221.237,62.579
5.3,27.4078,47.3960,18.7601,159.9821,495.6198,5,6,0,0,215.919,54.271
7.4,25.3830,33.8826,1.1328,159.2476,482.5180,5,6,0,0,213.177,35.471
7.4,18.5300,32.6084,13.9152,153.1333,490.0918,5,6,0,0,211.188,17.524
5.3,10.6075,33.5105,21.7925,132.7725,487.2860,5,6,0,0,203.111,42.808
7.4,8.5394,2.2013,10.2881,146.2685,479.9310,5,6,0,0,205.618,42.821
5.3,2.0829,8.3062,12.5546,107.2666,497.9452,5,6,0,0,219.273,23.606
5.3,26.4234,73.6246,13.5957,170.2587,482.0269,5,6,0,0,203.123,40.370
7.4,13.2471,21.2150,9.2286,155.8044,492.0497,5,6,0,0,215.485,45.053
7.4,8.0025,2.2295,9.7736,131.4100,486.2708,5,6,0,0,225.323,37.800
5.3,15.8091,37.7535,7.9992,148.0126,486.5792,5,6,0,0,208.732,55.797
7.4,26.4526,79.2637,15.7473,144.8528,497.1540,5,6,0,0,216.207,8.501
7.4,3.1499,24.7499,11.2227,116.3093,501.3654,5,6,0,0,219.174,55.937
7.4,1.8549,21.3528,13.4983,147.1974,482.9388,5,6,0,0,197.074,35.306
7.4,5.7359,24.3982,12.1421,111.0638,490.0480,5,6,0,0,209.998,45.677
7.4,5.6509,2.2487,12.6928,98.2000,503.7233,5,6,0,0,229.963,33.769
7.4,10.5584,16.1000,10.1101,175.7545,492.7216,5,6,0,0,213.264,14.795
7.4,1.5300,20.2793,16.1734,90.6977,498.2143,5,6,0,0,207.480,50.402
7.4,0.4403,10.4054,8.5966,40.1673,471.9321,5,6,0,0,200.221,38.383
7.4,2.0373,24.1956,12.5084,122.7407,499.9066,5,6,0,0,221.541,54.725
7.4,32.9265,85.6718,12.9823,142.6571,493.6229,5,6,0,0,227.739,13.957
7.4,12.1132,30.3178,13.2351,149.5899,486.9722,5,6,0,0,205.881,3.592
7.4,9.0405,28.6261,6.0975,135.5417,494.9191,5,6,0,0,212.995,69.274
7.4,1.0393,21.0548,21.1282,76.7900,467.8207,5,6,0,0,202.248,28.476
7.4,2.1271,2.2461,5.5423,138.3178,485.5002,5,6,0,0,223.356,32.461
5.3,14.6311,43.0763,10.4660,151.2771,499.1179,5,6,0,0,242.137,52.097
5.3,7.5775,27.7803,11.3786,152.4387,498.7161,5,6,0,0,230.068,40.033
7.4,3.2554,26.2645,14.0861,160.4275,484.5695,5,6,0,0,206.617,22.322
5.3,0.2484,20.1313,20.0134,96.9800,500.7088,5,6,0,0,214.519,52.332
5.3,13.8193,38.0793,8.1788,140.1286,491.1383,5,6,0,0,211.297,43.875
7.4,9.0701,18.7090,15.5600,147.9569,506.8903,5,6,0,0,230.625,61.468
7.4,17.5305,23.2832,17.8505,146.9427,486.7723,5,6,0,0,207.354,17.652
5.3,5.9861,34.2019,14.2316,157.8531,483.5013,5,6,0,0,221.561,18.697
7.4,2.9163,2.1716,3.5773,111.4776,489.0371,5,6,0,0,203.832,31.450
5.3,6.7928,26.3843,15.0005,128.4991,476.1706,5,6,0,0,209.526,35.507
5.3,10.5183,26.2700,8.3715,142.5575,503.1500,5,6,0,0,214.852,44.360
5.3,1.8739,34.4800,21.2536,148.2402,493.3449,5,6,0,0,208.463,47.852
7.4,9.3226,14.7605,7.4243,154.1590,484.6685,5,6,0,0,217.501,7.473
5.3,1.8811,15.4407,9.2757,103.9477,489.6297,5,6,0,0,217.830,29.619
7.4,6.2319,19.0804,8.8300,137.7684,492.6826,5,6,0,0,215.524,5.580
7.4,18.6034,25.9243,8.6055,161.1049,479.0846,5,6,0,0,202.535,4.140
7.4,2.6348,9.0173,12.3151,77.5176,502.9588,5,6,0,0,229.859,55.770
7.4,4.4106,8.4936,20.0393,34.7808,508.6364,5,6,0,0,227.678,60.577
7.4,1.5400,10.9796,14.2509,145.9734,501.1024,5,6,0,0,230.748,51.722
7.4,9.7222,10.5681,6.3249,140.2513,494.1295,5,6,0,0,205.058,55.895
7.4,1.7801,9.0644,15.9413,46.5227,505.2017,5,6,0,0,230.996,56.784
7.4,10.7477,10.8148,6.7153,124.1037,505.6323,5,6,0,0,227.739,57.540
7.4,9.5758,9.6036,10.3629,141.8291,495.7479,5,6,0,0,230.573,57.783
7.4,4.7934,8.2774,9.2615,111.5861,501.8520,5,6,0,0,221.581,59.105
7.4,7.4989,7.5943,19.8383,39.8413,508.5814,5,6,0,0,223.004,52.523
7.4,3.8309,7.9498,19.8299,41.2500,502.6600,5,6,0,0,229.757,62.039
7.4,7.8520,10.7647,6.1200,129.5033,478.2977,5,6,0,0,200.589,41.451
7.4,4.8745,9.8689,5.6999,103.5577,508.5921,5,6,0,0,218.008,55.058
7.4,12.0872,10.9778,12.3329,106.4292,506.1451,5,6,0,0,241.124,56.594
7.4,1.6328,9.0435,11.8141,59.0972,494.0244,5,6,0,0,224.321,54.625
7.4,2.8118,9.0368,14.2815,33.9110,501.0319,5,6,0,0,233.771,58.971
7.4,3.8111,11.3197,7.9295,77.7018,485.9248,5,6,0,0,211.218,39.725
7.4,10.1649,11.1470,5.9172,113.2890,495.4529,5,6,0,0,216.130,71.225
7.4,2.6007,8.8864,8.4302,36.8089,497.3178,5,6,0,0,214.439,51.463
5.3,0.8998,8.5800,10.6061,106.6847,504.7400,5,6,0,0,240.536,69.949
5.3,6.1379,8.6222,10.9516,125.7748,492.4337,5,6,0,0,204.993,43.820
5.3,4.7490,7.3905,15.0843,104.8290,494.6461,5,6,0,0,214.851,51.984
5.3,5.7537,6.4686,20.5190,107.9040,505.7680,5,6,0,0,232.173,55.953
5.3,2.6400,6.5317,15.3487,104.4492,507.4828,5,6,0,0,223.551,51.484
5.3,4.9028,8.5694,12.2179,127.1940,508.1000,5,6,0,0,230.215,63.990
5.3,2.1955,6.3768,13.7524,120.4989,504.6170,5,6,0,0,227.936,61.422
5.3,1.2193,6.1207,8.1011,146.8434,491.5075,5,6,0,0,213.098,49.526
5.3,2.1900,6.8882,9.2051,91.8389,487.7337,5,6,0,0,211.093,44.514
5.3,9.2720,7.5091,14.6952,109.0229,475.4108,5,6,0,0,201.165,35.470
5.3,2.1204,8.5600,6.3902,129.3996,498.9904,5,6,0,0,216.781,53.346
7.4,36.0340,70.7560,12.6216,166.4543,481.3503,5,6,0,0,216.907,12.261
5.3,4.2236,8.2534,12.1508,118.4964,496.8391,5,6,0,0,233.919,54.153
5.3,0.8194,8.4900,6.2981,120.0690,503.1409,5,6,0,0,217.327,50.893
5.3,14.6960,8.8338,18.2749,119.5867,511.6254,5,6,0,0,242.038,61.646
5.3,3.3060,8.8757,16.7098,112.7627,495.6500,5,6,0,0,240.441,50.708
5.3,3.8140,8.6989,7.1123,129.4662,488.4269,5,6,0,0,214.273,43.857
7.4,10.6351,27.6668,13.7432,167.6300,486.8500,5,6,0,0,207.789,26.374
5.3,1.3449,22.8073,22.5681,121.6279,495.5900,5,6,0,0,227.862,49.118
5.3,9.9432,52.0946,17.7604,123.2642,467.4232,7,7,0,0,224.037,22.187
5.3,61.6320,90.3943,7.3393,135.0035,463.9232,7,7,0,0,237.829,46.903
5.3,10.1781,29.1851,29.7031,31.3275,456.9999,7,7,0,0,220.851,65.224
7.4,6.9868,33.1879,9.7612,138.8872,448.3861,7,7,0,0,209.693,11.774
5.3,22.4444,66.8817,29.1396,148.5931,469.8657,7,7,0,0,235.663,52.820
5.3,71.4490,171.1688,23.9152,150.4641,455.5352,7,7,0,0,205.098,30.011
5.3,15.0516,54.3216,24.9928,153.6426,469.6188,7,7,0,0,230.994,48.555
5.3,26.4740,88.1322,29.2239,138.1472,466.5857,7,7,0,0,237.493,58.864
5.3,21.2113,79.2857,19.4738,114.2756,455.2230,7,7,0,0,229.059,23.327
5.3,13.7776,9.5095,11.8161,37.7684,468.3624,7,7,0,0,251.917,83.247
7.4,21.4586,81.6559,20.7954,147.0554,465.0156,7,7,0,0,234.441,35.112
7.4,6.7757,48.6364,19.7452,139.4631,469.7500,7,7,0,0,218.080,43.697
7.4,21.8552,84.9600,20.8644,133.1469,468.9126,7,7,0,0,243.991,43.621
7.4,27.3700,96.8176,21.4626,149.0091,485.6501,7,7,0,0,249.804,52.459
7.4,5.7511,36.3407,14.4577,146.2525,463.5600,7,7,0,0,225.652,43.223
7.4,6.8437,44.8180,17.5515,154.6890,453.5627,7,7,0,0,210.913,33.127
7.4,24.1181,75.9295,14.9770,136.8686,468.8373,7,7,0,0,234.416,43.998
7.4,5.1400,33.4793,13.3742,101.3900,457.4491,7,7,0,0,217.010,27.141
7.4,4.9700,33.8789,13.8219,78.5636,452.2088,7,7,0,0,210.715,20.699
7.4,27.3297,89.2713,19.4686,143.0501,482.8800,7,7,0,0,247.301,59.846
7.4,6.2403,48.4752,19.9633,125.1143,466.3400,7,7,0,0,214.793,39.401
7.4,7.0904,35.1896,13.4977,111.1579,448.1215,7,7,0,0,208.785,29.029
7.4,25.7969,84.1664,17.7542,156.9395,477.2884,7,7,0,0,244.041,49.331
7.4,20.2030,77.0819,19.3021,144.1917,477.6500,7,7,0,0,246.602,49.091
7.4,9.1253,48.4438,17.0236,162.8621,456.5109,7,7,0,0,211.109,41.450
7.4,16.8600,65.5500,16.5434,166.4534,477.5983,7,7,0,0,233.594,37.132
7.4,17.6472,84.4971,26.3519,129.2177,471.9972,7,7,0,0,243.506,40.541
7.4,18.9488,83.9070,26.5679,155.3156,474.6800,7,7,0,0,241.831,48.617
7.4,5.0108,33.6712,12.9612,155.5698,461.5117,7,7,0,0,213.749,30.278
7.4,6.9259,35.1456,13.3552,115.3850,446.0981,7,7,0,0,207.380,23.458
7.4,5.8035,34.7462,12.9186,50.8414,466.2825,7,7,0,0,213.348,28.769
7.4,6.1909,44.5201,17.6457,112.3010,458.6414,7,7,0,0,210.183,33.694
7.4,9.6339,30.0822,5.8651,154.2117,452.5738,7,7,0,0,213.976,32.056
7.4,16.8030,81.4454,25.3302,149.3867,476.3400,7,7,0,0,242.647,44.476
7.4,32.1943,83.6045,13.8170,148.1304,464.8448,7,7,0,0,227.641,42.099
5.3,14.0140,69.0992,23.6553,124.9177,462.0501,7,7,0,0,235.028,36.576
5.3,14.0119,65.9682,21.4672,121.5276,447.0521,7,7,0,0,207.356,35.727
7.4,25.3245,68.6841,20.2859,137.4200,474.3757,7,7,0,0,242.879,38.144
5.3,24.4215,51.0483,4.8700,138.6248,464.5266,7,7,0,0,232.558,39.424
5.3,55.9119,118.3951,19.8038,132.2461,467.6200,7,7,0,0,238.609,29.088
5.3,3.7646,8.3421,11.8264,108.4415,455.4100,7,7,0,0,221.230,29.262
5.3,13.7443,59.6667,19.5205,129.6100,470.7260,7,7,0,0,231.159,20.926
7.4,16.2755,66.5452,30.3700,72.9000,465.6684,7,7,0,0,218.515,25.051
5.3,18.9848,86.7802,25.7868,118.0543,475.1296,7,7,0,0,233.230,40.499
5.3,71.8142,144.3901,26.0972,120.9894,476.4208,7,7,0,0,238.586,39.816
5.3,25.9114,89.4600,23.0013,133.2200,480.2316,7,7,0,0,250.246,45.288
7.4,18.6604,83.6149,29.8474,121.1438,485.4530,7,7,0,0,243.493,46.160
5.3,41.7644,142.1329,29.8076,132.9765,460.2644,7,7,0,0,210.391,25.153
5.3,15.2523,53.7502,19.2689,138.1065,471.1862,7,7,0,0,237.142,53.224
7.4,23.4560,71.1113,27.7835,151.8062,459.8365,7,7,0,0,217.321,26.366
5.3,18.1092,83.7300,25.7711,122.6910,473.4128,7,7,0,0,222.711,28.489
5.3,27.3074,50.3300,4.7404,119.4253,477.3450,7,7,0,0,236.863,38.182
7.4,19.2372,53.1498,11.6909,101.0811,477.2300,7,7,0,0,246.249,39.116
5.3,12.3552,49.2528,22.3152,131.1344,451.9952,7,7,0,0,208.925,20.529
5.3,14.1877,67.7089,39.3310,149.5530,456.7401,7,7,0,0,211.642,13.965
5.3,16.4825,93.3491,34.2336,131.3486,457.9969,7,7,0,0,232.643,17.313
5.3,15.4851,76.3500,31.1549,128.5495,454.2602,7,7,0,0,208.126,16.504
5.3,29.4255,79.2545,17.3891,142.1699,477.0677,7,7,0,0,246.021,36.508
5.3,10.5525,64.7423,35.9119,122.8089,473.4640,7,7,0,0,223.299,29.171
5.3,13.1073,49.3169,22.2114,114.3585,456.6354,7,7,0,0,209.035,26.513
5.3,26.5728,45.9357,6.4177,149.2588,482.1084,7,7,0,0,246.571,46.446
5.3,15.8358,65.6364,20.1562,147.7717,463.6300,7,7,0,0,233.345,20.325
5.3,15.0163,80.9317,43.5019,132.3015,460.5086,7,7,0,0,210.838,31.813
5.3,29.1305,73.3660,38.8021,146.7776,467.3793,7,7,0,0,237.610,27.017
5.3,23.0565,77.3825,17.5196,149.9267,469.1412,7,7,0,0,232.534,27.851
5.3,10.1338,53.4296,23.2107,156.3057,463.3746,7,7,0,0,236.689,21.689
7.4,18.3964,7.7169,13.0570,133.0165,447.3700,7,7,0,0,209.163,20.723
7.4,5.1794,8.8800,20.9176,104.3068,479.6000,7,7,0,0,243.395,65.075
7.4,13.6661,9.5949,25.8555,31.5978,469.3416,7,7,0,0,234.946,27.205
7.4,17.6422,7.6695,14.6536,98.9500,455.7035,7,7,0,0,209.853,31.002
7.4,2.2758,12.0116,20.1289,72.1839,480.8636,7,7,0,0,243.642,52.701
7.4,8.1133,6.7700,23.5164,108.4938,481.5678,7,7,0,0,239.707,49.225
7.4,4.2871,7.0318,21.4608,68.8163,471.6600,7,7,0,0,237.668,38.080
7.4,16.4087,9.4269,18.3192,102.3194,475.1003,7,7,0,0,240.110,52.992
7.4,20.6627,7.8430,18.0671,113.7774,452.4000,7,7,0,0,214.712,32.991
7.4,20.3847,7.6730,18.1033,113.0796,450.8000,7,7,0,0,217.916,25.876
7.4,20.1204,8.6738,20.9304,98.3933,459.1607,7,7,0,0,219.802,21.609
7.4,17.7990,7.6143,19.9569,96.2405,457.8228,7,7,0,0,224.503,40.744
7.4,6.9836,8.0376,24.6636,59.5314,478.5747,7,7,0,0,237.124,37.338
7.4,10.1670,8.0102,13.9412,124.4161,474.7363,7,7,0,0,236.004,32.653
7.4,7.3658,8.0368,23.5766,68.2190,473.4037,7,7,0,0,235.222,34.575
7.4,6.4167,11.3630,21.7838,29.2847,473.0436,7,7,0,0,239.366,29.034
7.4,20.1715,8.7256,16.6518,82.6300,446.3937,7,7,0,0,206.927,16.417
7.4,3.6200,12.0120,19.2655,66.4148,477.5927,7,7,0,0,241.333,47.310
7.4,5.4114,7.0374,24.3701,75.7366,477.1882,7,7,0,0,240.582,44.305
7.4,6.1381,8.1637,23.7813,85.0657,471.1793,7,7,0,0,231.375,27.113
7.4,15.2311,0.8939,15.3186,108.1094,476.6264,7,7,0,0,241.871,58.153
7.4,5.6879,0.8855,10.9057,94.5859,466.0587,7,7,0,0,227.242,50.265
7.4,18.5530,0.8701,20.4995,124.9807,463.4624,7,7,0,0,218.460,34.533
7.4,17.6116,0.8726,18.6696,101.6957,462.3751,7,7,0,0,217.155,40.812
7.4,18.0685,0.8830,17.7338,120.9399,478.1263,7,7,0,0,243.345,54.934
7.4,24.8777,0.8800,16.5348,97.3097,476.9693,7,7,0,0,238.978,55.597
7.4,16.9489,0.9064,20.9451,92.1639,474.7384,7,7,0,0,245.039,56.660
7.4,17.0919,0.9064,22.1806,80.7300,471.6779,7,7,0,0,240.841,54.277
7.4,15.5201,0.9100,20.5013,86.8288,477.1823,7,7,0,0,245.085,56.312
7.4,23.8929,0.9088,21.0251,106.4900,483.7155,7,7,0,0,248.607,64.849
7.4,14.1047,0.8790,16.8827,86.1170,452.0609,7,7,0,0,211.855,37.491
7.4,24.9378,0.9065,18.5830,103.4976,483.4203,7,7,0,0,247.095,65.305
7.4,12.0544,0.9022,16.3717,92.2118,473.7831,7,7,0,0,238.391,49.070
7.4,24.2335,0.8958,16.3556,86.9362,484.1977,7,7,0,0,234.579,57.231
7.4,13.5533,0.8731,15.7616,84.8306,447.8607,7,7,0,0,201.854,22.288
7.4,15.4188,0.8892,22.0925,100.5806,478.1065,7,7,0,0,243.161,52.092
7.4,12.8024,0.9008,16.0202,67.0600,476.9523,7,7,0,0,247.334,49.181
7.4,7.5300,0.8926,11.2675,111.8656,457.3568,7,7,0,0,210.707,38.226
7.4,17.9468,0.8727,18.3227,83.3231,462.0168,7,7,0,0,207.907,32.032
7.4,24.6319,0.9075,17.0156,108.6063,475.6139,7,7,0,0,241.464,63.263
7.4,12.6020,0.9213,12.5202,99.6800,461.9680,7,7,0,0,206.876,42.726
7.4,21.8337,0.8848,19.0639,105.5211,466.8480,7,7,0,0,213.235,43.799
7.4,19.7741,0.8832,19.0461,114.0692,477.2380,7,7,0,0,245.620,53.476
7.4,12.8316,0.8838,17.4096,96.5881,481.1900,7,7,0,0,241.694,48.165
7.4,14.0318,0.8838,17.6721,63.4506,477.9456,7,7,0,0,242.272,48.241
7.4,18.0216,0.8906,16.0093,92.3783,470.9488,7,7,0,0,233.669,53.732
7.4,13.1670,0.8726,15.7770,84.7620,451.8871,7,7,0,0,206.772,29.772
7.4,20.7744,0.8802,19.9636,88.6100,478.8097,7,7,0,0,243.869,59.739
7.4,18.3543,0.8748,19.7651,100.9784,458.7599,7,7,0,0,213.510,36.559
7.4,22.5214,0.8895,23.6941,88.3217,480.1860,7,7,0,0,245.231,55.629
5.3,13.8496,8.4903,17.0152,132.4404,477.6071,7,7,0,0,246.270,40.814
5.3,49.0982,8.4946,19.3260,109.3750,478.9946,7,7,0,0,241.464,37.777
5.3,30.5854,9.3567,38.6926,42.6787,449.2354,7,7,0,0,206.964,13.982
5.3,17.8156,8.8357,25.6848,127.3931,471.2066,7,7,0,0,242.147,47.938
5.3,19.4559,8.5200,13.8602,125.8642,472.7160,7,7,0,0,242.770,41.582
5.3,15.9713,8.5398,16.8400,89.5536,458.5019,7,7,0,0,215.461,24.895
5.3,38.3176,8.8822,29.4933,96.1200,460.4271,7,7,0,0,212.235,23.295
5.3,7.4762,8.7317,17.7922,103.3207,458.7320,7,7,0,0,211.288,15.312
5.3,7.2405,27.4365,21.4679,131.2656,477.5786,7,7,0,0,243.245,46.339
5.3,14.5636,8.4949,11.1385,129.7700,454.3239,7,7,0,0,213.196,14.216
5.3,37.1217,8.4947,25.0329,86.2336,458.7501,7,7,0,0,211.919,17.915
5.3,24.1208,8.4995,16.3566,118.0255,458.6648,7,7,0,0,207.426,19.475
5.3,67.1128,9.5675,26.6506,116.6777,465.4100,7,7,0,0,219.454,21.339
5.3,54.8735,9.5863,39.9746,134.1753,457.2954,7,7,0,0,208.819,19.631
5.3,26.4088,8.9291,18.2178,119.6831,479.5926,7,7,0,0,245.699,49.581
5.3,35.0200,8.5216,18.1468,97.5233,475.4556,7,7,0,0,244.154,43.645
5.3,68.8004,8.4929,29.7129,99.4764,473.4298,7,7,0,0,242.467,49.429
5.3,77.1196,9.4383,42.7205,126.7364,463.1599,7,7,0,0,220.276,24.110
5.3,14.0548,9.3778,23.9519,50.9700,481.2968,7,7,0,0,244.613,39.078
5.3,9.1484,27.9084,6.6282,130.3587,473.6444,7,7,0,0,242.026,46.970
5.3,3.5811,13.5078,19.3705,68.2100,459.3901,7,7,0,0,216.037,5.374
5.3,36.7515,13.3480,20.4915,130.3778,472.6352,7,7,0,0,244.399,35.925
5.3,6.5479,13.7747,16.4558,32.8452,458.2780,7,7,0,0,208.183,14.576
5.3,45.3157,13.4574,18.5948,117.1905,476.2440,7,7,0,0,246.242,29.656
5.3,37.3626,13.3767,21.8800,84.3240,478.4259,7,7,0,0,246.913,34.116
5.3,17.3736,13.3096,16.4199,107.2703,468.2423,7,7,0,0,235.963,25.400
5.3,5.0698,13.5274,20.5349,11.5340,454.3400,7,7,0,0,214.736,9.501
5.3,5.3998,13.3789,19.0960,144.8367,448.7090,7,7,0,0,208.418,5.857
5.3,56.6750,13.3617,16.0499,97.4068,470.4673,7,7,0,0,244.791,30.048
5.3,5.2233,13.4618,16.8247,147.2042,454.6135,7,7,0,0,205.054,2.049
5.3,40.7384,13.3757,21.0439,64.7758,469.9924,7,7,0,0,243.500,31.261
5.3,60.3740,13.3722,22.1956,105.9816,475.2300,7,7,0,0,249.257,37.618
5.3,63.2785,13.3727,22.3998,111.1196,478.0849,7,7,0,0,248.285,37.481
5.3,20.5053,13.3169,15.7250,98.6083,463.3984,7,7,0,0,237.730,30.070
5.3,34.5427,13.5564,17.8991,95.4312,473.0500,7,7,0,0,242.128,28.332
5.3,2.2827,13.5464,16.2500,41.7511,456.3651,7,7,0,0,208.440,8.465
5.3,6.4572,13.5891,20.0694,24.1949,457.6747,7,7,0,0,211.481,4.746
5.3,5.4345,13.3938,19.8988,130.1483,453.3000,7,7,0,0,215.193,9.603
5.3,7.6248,13.7324,18.0456,27.8854,460.3486,7,7,0,0,211.102,4.819
5.3,49.9909,13.4293,18.8500,109.1327,467.6240,7,7,0,0,236.315,32.353
5.3,42.8976,13.3659,18.7545,131.9751,470.9054,7,7,0,0,247.245,31.610
5.3,60.3798,13.3880,17.5775,121.2662,476.0776,7,7,0,0,244.464,32.921
5.3,56.5612,13.3867,15.7286,121.1846,470.8007,7,7,0,0,240.140,29.393
5.3,47.8939,13.4294,20.0679,120.9533,473.2400,7,7,0,0,239.960,30.485
5.3,1.5835,13.6257,15.4833,8.8654,458.1209,7,7,0,0,211.379,5.629
5.3,35.9700,13.3612,25.9944,66.6766,478.2082,7,7,0,0,252.765,33.089
5.3,19.1858,13.3179,14.4900,100.4731,471.9630,7,7,0,0,242.295,29.036
5.3,47.2966,13.4581,16.2379,128.1316,474.7600,7,7,0,0,245.593,28.792
5.3,50.2866,13.4249,19.7013,119.0825,473.2201,7,7,0,0,236.321,23.177
5.3,48.5900,13.4584,18.8501,131.7814,475.2954,7,7,0,0,244.055,30.028
5.3,10.1627,13.2318,21.6747,139.1629,454.4969,7,7,0,0,212.759,10.752
7.4,41.7698,15.2100,13.3111,95.4865,488.6016,7,7,0,0,246.907,55.018
7.4,48.0026,15.2624,14.9359,122.8386,474.3073,7,7,0,0,239.832,62.790
7.4,10.8536,29.2990,13.5852,97.9851,452.9948,7,7,0,0,212.940,21.573
7.4,11.2617,28.8042,18.3518,63.6345,455.5898,7,7,0,0,215.067,25.136
7.4,9.7631,28.8516,14.0262,143.5671,456.2840,7,7,0,0,208.938,14.702
7.4,53.5959,15.2009,15.6270,119.8598,479.4735,7,7,0,0,240.963,55.315
7.4,10.8864,15.2600,28.3889,133.2574,456.7100,7,7,0,0,207.076,12.216
7.4,46.4394,15.2084,18.5400,106.4608,453.8400,7,7,0,0,211.758,21.953
7.4,76.1298,15.2406,26.0710,93.8755,484.8561,7,7,0,0,250.564,55.328
7.4,70.8777,15.2150,21.3293,132.8011,480.2057,7,7,0,0,250.546,61.922
7.4,78.9106,15.2330,29.1209,93.6060,481.9486,7,7,0,0,255.565,55.874
7.4,65.9667,15.2002,28.6631,125.4227,471.9819,7,7,0,0,246.719,61.038
7.4,83.2472,15.2410,27.2618,112.2455,477.8982,7,7,0,0,245.830,58.900
7.4,4.1384,15.3253,9.3991,54.2576,479.3107,7,7,0,0,253.135,60.222
7.4,20.6248,29.3955,23.7977,142.9399,453.6029,7,7,0,0,207.762,14.033
7.4,101.5313,15.2514,39.0163,103.2280,458.2614,7,7,0,0,210.228,19.565
7.4,31.4177,29.0107,8.2400,122.3537,477.8195,7,7,0,0,249.096,60.793
7.4,15.0392,15.2234,35.9255,129.0682,464.6071,7,7,0,0,219.882,27.080
7.4,27.8419,29.3494,23.3231,127.1656,452.0391,7,7,0,0,211.710,24.318
7.4,24.4837,29.0924,19.4648,80.4412,455.3180,7,7,0,0,208.287,18.880
7.4,10.0054,15.1385,26.9067,152.6285,451.4860,7,7,0,0,207.361,16.690
7.4,66.2922,15.3353,21.4983,127.1247,461.1599,7,7,0,0,221.678,30.083
7.4,55.2063,15.2786,21.6406,94.3613,475.8211,7,7,0,0,244.893,51.082
7.4,56.9646,15.2133,24.7341,128.3116,479.5737,7,7,0,0,246.392,53.097
7.4,17.4632,29.0049,8.3100,131.6198,480.3097,7,7,0,0,240.074,55.562
7.4,74.1383,15.2969,29.7927,128.6920,461.0400,7,7,0,0,221.390,22.694
7.4,13.9884,28.7006,15.8122,151.9918,477.4800,7,7,0,0,247.657,54.589
7.4,33.7100,29.0977,24.8723,77.5445,456.2484,7,7,0,0,214.882,24.509
7.4,2.7300,15.9191,17.6141,137.6244,454.1911,7,7,0,0,207.206,41.864
5.3,13.8068,42.3794,17.1548,102.1596,480.0640,7,7,0,0,245.931,51.827
7.4,9.0376,28.6496,18.0180,124.4350,445.3889,7,7,0,0,201.589,23.620
7.4,11.0555,15.8972,16.9977,158.1599,476.4713,7,7,0,0,243.148,52.800
5.3,19.8357,44.4901,7.7627,116.3902,485.0061,7,7,0,0,251.522,60.954
7.4,23.5731,28.0240,21.4290,50.1574,453.1802,7,7,0,0,202.074,33.501
5.3,13.1488,45.7083,12.8066,141.5966,479.8853,7,7,0,0,241.985,52.036
7.4,14.4407,15.9381,18.9842,76.1187,463.2325,7,7,0,0,215.572,49.708
5.3,7.1342,35.2381,12.9937,132.8320,452.1976,7,7,0,0,206.836,18.299
7.4,12.5595,26.8991,17.6272,129.7068,483.0878,7,7,0,0,246.587,53.517
7.4,7.2530,15.8092,15.1191,99.4500,478.7427,7,7,0,0,222.566,40.564
7.4,10.9865,15.7290,12.5873,142.0460,476.0670,7,7,0,0,240.262,47.948
7.4,5.8457,29.1388,18.3427,128.9998,459.0100,7,7,0,0,210.030,25.384
5.3,6.1418,44.8065,18.7867,139.3318,455.6510,7,7,0,0,207.732,24.353
7.4,91.0771,29.6029,18.7809,132.9524,474.7914,7,7,0,0,254.863,83.977
5.3,11.8863,46.0288,13.7537,117.6479,433.4700,7,7,0,0,198.557,0.420
5.3,6.6670,46.7440,18.9886,143.9760,462.4971,7,7,0,0,212.227,24.467
5.3,6.6449,43.5060,19.7068,119.8745,446.6772,7,7,0,0,208.894,15.445
5.3,8.5500,44.6260,16.0589,129.5166,441.0999,7,7,0,0,201.898,0.000
7.4,5.9533,29.5249,15.7858,54.2261,444.5343,7,7,0,0,205.376,30.575
5.3,8.5276,46.3464,19.2319,146.4000,461.1044,7,7,0,0,209.369,22.468
5.3,7.8373,47.5071,18.2714,111.4810,461.5709,7,7,0,0,214.580,22.790
5.3,10.1110,44.4737,16.3274,110.2669,451.9449,7,7,0,0,209.126,20.468
5.3,4.6863,30.7013,12.6730,80.8162,455.4396,7,7,0,0,211.250,17.081
7.4,52.9500,29.5253,17.6820,133.0838,477.7719,7,7,0,0,241.002,80.464
7.4,94.9716,29.4510,19.6518,116.2884,483.2913,7,7,0,0,256.180,82.813
5.3,8.1869,41.9066,18.0189,125.3500,450.9500,7,7,0,0,213.189,23.179
5.3,5.7700,46.9187,21.4550,145.6100,468.7455,7,7,0,0,222.467,34.201
7.4,59.5700,29.4514,15.7071,105.4291,479.7370,7,7,0,0,250.362,85.024
5.3,7.9518,45.9072,16.2971,114.5547,463.6342,7,7,0,0,212.541,19.085
7.4,5.2000,29.3083,16.4495,152.7015,460.4075,7,7,0,0,221.308,57.153
7.4,7.9796,29.5338,18.0899,150.1497,452.2336,7,7,0,0,211.044,37.259
7.4,95.5974,29.3560,20.9807,118.4954,473.8136,7,7,0,0,258.401,80.174
7.4,42.7077,29.2602,16.2541,142.7900,481.0119,7,7,0,0,249.013,84.247
7.4,7.8659,1.7508,6.8029,105.4596,506.5800,7,5,0,1,223.077,22.285
7.4,49.7165,29.5348,18.0831,131.9725,488.4180,7,7,0,0,246.780,81.684
7.4,25.5968,1.7311,20.1433,106.4394,515.0531,7,5,0,1,232.765,35.278
7.4,29.0574,1.7529,16.7094,141.6943,502.4730,7,5,0,1,206.527,18.460
7.4,52.1319,1.7429,35.9288,126.7608,526.9168,7,5,0,1,239.220,41.913
7.4,53.0837,1.7733,36.9741,123.7965,521.6573,7,5,0,1,239.971,38.016
7.4,22.7807,1.7810,14.3275,140.8158,497.5135,7,5,0,1,210.215,19.371
7.4,35.8909,1.8189,24.3703,126.7840,528.0638,7,5,0,1,236.960,29.779
7.4,35.8285,1.7638,25.3204,130.4419,526.3065,7,5,0,1,231.730,39.113
7.4,41.4409,1.7973,26.5925,125.2027,532.3481,7,5,0,1,240.707,43.582
7.4,35.4881,1.7641,24.8649,142.0678,532.4570,7,5,0,1,231.235,35.643
7.4,54.2701,1.8077,37.6020,131.7266,531.8597,7,5,0,1,245.474,34.064
7.4,22.3974,1.7352,20.5920,122.3462,516.4019,7,5,0,1,234.263,37.034
7.4,39.4400,1.7613,26.1132,126.3623,524.8404,7,5,0,1,224.226,39.450
7.4,39.7063,1.8072,25.8583,129.8767,524.1842,7,5,0,1,235.824,42.658
7.4,21.5512,1.7353,20.0307,140.2591,516.5455,7,5,0,1,232.989,33.917
7.4,37.9277,1.8274,23.6517,121.2944,531.9310,7,5,0,1,222.505,29.747
7.4,34.5875,1.8104,21.6597,130.0496,523.5992,7,5,0,1,231.310,43.701
7.4,18.2793,1.8966,19.8587,138.3695,504.5658,7,5,0,1,210.619,16.038
7.4,32.1189,1.7807,19.9707,147.7391,512.5519,7,5,0,1,211.547,13.609
7.4,42.4046,1.7865,27.2776,137.5924,497.7745,7,5,0,1,215.564,30.015
7.4,15.5111,17.5130,12.7237,108.0986,501.6400,7,5,0,1,215.317,13.940
7.4,19.3362,25.4812,17.8252,159.7919,510.8903,7,5,0,1,216.859,15.130
7.4,38.8073,1.7753,24.8672,137.7122,507.6721,7,5,0,1,215.679,14.213
7.4,40.8065,126.4036,24.5135,145.2054,501.8247,7,5,0,1,224.713,14.806
7.4,38.7078,1.7833,24.7880,136.1763,499.4999,7,5,0,1,222.252,12.152
7.4,8.5721,23.2687,20.5808,139.1269,510.9429,7,5,0,1,212.903,0.000
7.4,36.9000,112.7490,24.2089,153.3760,505.5611,7,5,0,1,221.812,19.537
7.4,31.5649,1.7698,18.7544,146.4815,508.8436,7,5,0,1,217.225,23.694
7.4,15.8272,26.4962,19.2561,145.4224,503.0475,7,5,0,1,214.770,12.638
7.4,27.3600,1.7861,15.4339,143.6513,490.9554,7,5,0,1,208.343,13.855
7.4,9.2178,21.3066,21.0738,129.9624,504.9535,7,5,0,1,215.709,9.300
7.4,33.6532,1.7892,20.9624,139.0252,505.2836,7,5,0,1,220.304,14.755
7.4,30.2792,32.0585,13.9305,151.4488,508.3900,7,5,0,1,217.528,16.880
7.4,17.8423,25.0766,18.6101,150.6159,513.2672,7,5,0,1,212.563,12.151
7.4,31.0440,1.7805,19.3465,140.5210,511.2372,7,5,0,1,214.732,11.306
7.4,43.7093,1.7863,28.8074,135.3353,502.9291,7,5,0,1,212.097,11.215
7.4,40.5814,1.7924,26.3994,109.6514,496.1438,7,5,0,1,221.912,29.008
7.4,38.9839,1.7834,24.7631,138.1268,500.4811,7,5,0,1,222.111,8.794
7.4,39.9415,1.7832,25.3938,161.8790,515.2447,7,5,0,1,241.604,65.796
7.4,22.2937,23.5376,18.2685,130.9630,518.9000,7,5,0,1,216.524,18.356
7.4,32.3393,1.7956,18.9497,152.9220,508.2153,7,5,0,1,237.803,51.356
7.4,20.3912,27.0727,20.8537,164.5539,510.9341,7,5,0,1,212.309,14.095
7.4,8.9126,31.0815,19.3606,156.1066,509.8906,7,5,0,1,213.078,3.325
7.4,33.9197,1.7753,21.1094,149.9872,511.8163,7,5,0,1,215.659,18.932
7.4,13.0221,7.2286,12.8418,107.0600,504.1896,7,5,0,1,219.655,39.751
7.4,24.6211,90.3486,24.4997,126.4498,515.5165,7,5,0,1,232.338,30.289
7.4,26.0612,36.1262,19.7385,165.7778,510.9600,7,5,0,1,215.556,12.497
7.4,7.4989,22.6538,23.3901,169.8480,505.5955,7,5,0,1,208.313,14.311
7.4,8.8826,18.3814,13.5248,45.9119,503.4650,7,5,0,1,220.517,17.895
7.4,12.9267,31.9631,26.6900,132.0641,503.9595,7,5,0,1,212.981,26.516
7.4,35.6767,108.8621,26.7877,124.5204,517.2607,7,5,0,1,241.915,46.384
7.4,13.3991,58.8600,19.4297,142.0944,495.5157,7,5,0,1,212.457,23.007
7.4,63.8771,142.1276,18.3386,152.5399,525.9500,7,5,0,1,240.785,54.967
7.4,12.7385,7.0921,11.7494,145.7922,494.3980,7,5,0,1,217.890,52.676
7.4,13.4984,11.5024,12.9220,153.2517,510.5033,7,5,0,1,217.294,39.133
7.4,5.6453,24.2920,18.0358,110.8783,505.8775,7,5,0,1,216.130,18.857
7.4,7.7321,6.7847,19.5324,84.4670,510.0081,7,5,0,1,221.883,51.559
7.4,8.3100,7.0291,22.3409,84.7716,512.2960,7,5,0,1,219.264,35.301
7.4,7.4374,5.0422,20.9500,114.4203,501.5799,7,5,0,1,211.028,24.919
7.4,9.2900,29.4797,28.9259,155.7821,508.4900,7,5,0,1,214.741,13.193
7.4,21.9415,34.2908,23.1119,162.0439,512.4017,7,5,0,1,217.635,24.320
7.4,10.8161,31.0778,24.6320,164.6262,509.2900,7,5,0,1,213.955,14.496
5.3,22.5864,12.5415,17.2028,162.3114,511.1884,7,5,0,1,215.928,38.102
5.3,12.2481,14.0240,14.6815,166.1991,505.0756,7,5,0,1,214.577,16.663
7.4,30.3900,30.8113,14.5409,177.8837,510.1683,7,5,0,1,216.102,26.040
7.4,14.2750,64.0000,22.5560,135.8412,502.5858,7,5,0,1,218.858,20.932
5.3,9.4280,9.7200,16.1695,156.6495,506.5913,7,5,0,1,209.653,17.597
5.3,11.0961,10.4484,15.1929,163.0867,504.8793,7,5,0,1,211.816,20.103
7.4,18.8345,60.3009,23.8598,142.9830,505.7111,7,5,0,1,220.656,64.221
7.4,16.4758,28.8231,20.5333,169.4700,498.2182,7,5,0,1,213.362,14.236
7.4,10.3952,29.6505,27.6364,154.7865,502.6671,7,5,0,1,208.501,9.556
7.4,23.5224,34.6786,16.9084,129.6173,510.3121,7,5,0,1,220.852,15.883
7.4,11.0762,50.8595,19.4474,123.1327,495.4295,7,5,0,1,204.861,12.428
5.3,26.9082,14.3300,11.2548,172.1600,507.4162,7,5,0,1,215.022,24.659
7.4,22.3306,34.8872,15.0755,172.4203,498.1196,7,5,0,1,209.702,8.479
7.4,6.7267,31.1916,26.4811,128.5807,503.7362,7,5,0,1,213.588,11.481
7.4,17.7573,36.5285,17.9356,177.6529,504.7825,7,5,0,1,213.621,17.253
7.4,10.9573,29.7901,25.4231,141.0178,507.6943,7,5,0,1,211.951,13.273
7.4,12.2435,31.2017,20.6722,142.4903,507.2364,7,5,0,1,212.129,10.708
5.3,29.6399,14.2688,11.9324,161.7799,513.2700,7,5,0,1,227.666,47.946
7.4,23.5546,30.8838,19.1134,172.9717,500.9938,7,5,0,1,217.089,20.263
7.4,20.2373,25.8190,19.4828,174.3292,506.7800,7,5,0,1,213.945,15.741
7.4,8.3065,30.6637,27.2336,161.4637,504.8762,7,5,0,1,214.075,11.006
7.4,66.0224,165.7343,25.1824,150.0290,507.1600,7,5,0,1,240.367,43.594
7.4,19.2296,82.3325,31.0204,92.4567,503.8100,7,5,0,1,222.280,34.944
5.3,9.4544,10.9275,9.5747,153.9129,502.1927,7,5,0,1,206.118,23.969
7.4,55.4539,121.8928,19.8212,152.6277,520.5704,7,5,0,1,237.645,43.464
7.4,5.9434,30.2611,29.3024,121.6117,500.9380,7,5,0,1,211.384,10.337
7.4,5.2867,23.0816,20.0096,50.6210,511.3642,7,5,0,1,211.917,33.611
7.4,14.2214,59.3925,20.2531,144.5000,503.8434,7,5,0,1,213.785,24.891
7.4,3.6302,10.8985,3.8374,140.1020,500.2570,7,5,0,1,210.165,43.201
7.4,3.3992,15.5216,10.1296,134.6300,511.6233,7,5,0,1,216.228,50.050
7.4,3.3364,16.5228,9.8549,143.9217,510.5927,7,5,0,1,217.689,49.688
7.4,6.5354,19.0493,7.9195,132.4330,502.2699,7,5,0,1,211.460,55.113
7.4,2.9774,18.0375,17.7445,54.9380,499.4629,7,5,0,1,226.618,78.104
7.4,5.1354,25.5238,20.3360,60.6620,517.7965,7,5,0,1,212.076,36.062
7.4,2.1200,13.9893,19.6580,114.9154,494.0826,7,5,0,1,214.644,37.032
7.4,20.8020,36.6316,19.7220,125.1628,504.0489,7,5,0,1,216.928,18.406
5.3,9.6755,9.6111,15.9200,124.7611,495.4977,7,5,0,1,208.889,23.214
5.3,8.7667,9.5300,14.2661,134.5761,507.6683,7,5,0,1,210.603,24.258
5.3,16.5427,14.4207,12.4847,153.6693,500.2369,7,5,0,1,212.013,41.086
5.3,14.0649,12.4353,13.1841,143.8001,492.9888,7,5,0,1,209.439,23.681
7.4,33.3358,63.1412,17.1573,144.9860,483.4386,7,5,0,1,218.134,77.936
7.4,8.6691,35.8899,14.3856,144.8010,493.0826,7,5,0,1,208.928,10.275
7.4,7.7173,15.3933,17.1350,130.1205,501.1859,7,5,0,1,209.787,23.142
7.4,1.7019,23.1441,12.4228,151.3216,505.5667,7,5,0,1,211.609,29.880
7.4,6.3530,41.8623,16.1959,159.9817,491.3812,7,5,0,1,204.530,22.207
7.4,6.7117,34.5014,12.0064,159.7400,507.2429,7,5,0,1,223.187,47.953
7.4,17.7188,59.1221,21.3342,140.9706,495.2867,7,5,0,1,209.561,71.393
7.4,5.8915,1.7877,4.6359,146.0162,502.9198,7,5,0,1,211.265,13.150
7.4,18.9832,63.2057,19.3263,149.2250,506.9787,7,5,0,1,225.398,19.118
7.4,16.1994,54.4266,21.3658,140.5058,495.4568,7,5,0,1,214.567,47.984
5.3,19.5119,9.5342,20.1379,121.7396,503.2047,7,5,0,1,212.659,32.714
7.4,5.2027,29.2420,17.7045,143.1615,473.4400,7,5,0,1,203.069,40.192
7.4,29.5901,1.7800,21.4068,141.3690,497.4746,7,5,0,1,222.860,40.316
7.4,2.1750,24.7628,14.4428,153.5959,495.4291,7,5,0,1,219.039,31.615
7.4,19.5200,65.7100,23.2007,136.5385,504.3700,7,5,0,1,218.685,21.718
7.4,3.4415,25.0342,10.6429,121.1516,490.8442,7,5,0,1,212.645,31.728
7.4,33.2655,88.7226,22.5970,173.0161,497.3390,7,5,0,1,221.069,26.875
7.4,24.8861,1.7816,13.9789,162.4171,487.7167,7,5,0,1,206.187,38.773
7.4,40.6190,1.8040,26.2503,153.4394,502.3273,7,5,0,1,231.114,46.102
7.4,66.4774,164.4025,23.9455,167.5405,520.1583,7,5,0,1,254.683,44.723
7.4,21.3779,27.7661,21.3271,145.9870,508.9977,7,5,0,1,219.550,18.793
7.4,17.8269,59.0626,21.1013,139.9616,515.4099,7,5,0,1,232.373,31.563
7.4,9.5000,20.5069,18.6548,129.7301,510.9721,7,5,0,1,216.746,16.752
7.4,37.0250,75.5743,16.3976,167.9392,504.8386,7,5,0,1,233.135,34.095
7.4,64.6816,154.4239,23.2966,164.9859,517.2928,7,5,0,1,247.582,46.512
7.4,29.2592,1.7862,16.9279,160.6754,495.8607,7,5,0,1,213.633,9.348
7.4,22.5433,28.5450,20.4656,156.8056,504.6019,7,5,0,1,220.168,16.064
7.4,33.3817,1.7712,19.8123,149.6418,490.1491,7,5,0,1,217.374,41.759
7.4,8.9344,25.5930,17.7522,141.8707,501.7931,7,5,0,1,210.047,6.454
7.4,35.7523,33.7156,11.4014,163.3879,502.4825,7,5,0,1,217.616,30.980
7.4,23.1789,54.9416,10.8825,148.6937,497.7331,7,5,0,1,222.339,45.715
7.4,20.8317,27.5280,17.1896,165.1383,501.7325,7,5,0,1,210.338,29.036
7.4,16.2904,54.0594,21.9981,133.7589,512.7300,7,5,0,1,232.391,29.723
7.4,15.1550,48.2698,18.5641,146.5703,490.8711,7,5,0,1,209.123,53.907
7.4,2.3056,15.1507,10.0393,132.7525,268.5661,5,4,0,1,157.309,13.380
5.3,6.5410,5.9857,3.3388,159.0333,268.7351,5,4,0,1,153.726,74.574
7.4,12.3888,27.9894,5.9649,135.8596,279.6098,5,4,0,1,170.858,95.229
7.4,14.4731,26.7686,5.4455,136.2346,265.7985,5,4,0,1,152.419,12.233
7.4,3.1388,14.8034,9.7414,91.5425,270.1199,5,4,0,1,153.053,51.693
7.4,4.1013,4.1724,4.8566,145.9513,263.6912,5,4,0,1,150.207,57.659
7.4,1.7543,15.6270,8.5422,87.3619,267.3307,5,4,0,1,153.889,17.436
7.4,4.8708,18.2160,6.2783,116.6563,262.0349,5,4,0,1,149.502,6.967
7.4,12.8098,24.4606,6.4095,139.5088,268.8350,5,4,0,1,155.611,21.612
7.4,6.6086,30.1391,12.4077,141.5127,259.1126,5,4,0,1,152.422,29.374
7.4,0.7388,14.8729,11.0433,166.1273,269.4891,5,4,0,1,158.064,56.840
7.4,8.1187,25.3326,6.0457,141.6315,274.5571,5,4,0,1,168.276,25.891
7.4,2.6326,5.0334,6.2314,63.4375,257.8987,5,4,0,1,152.211,27.754
7.4,2.5695,15.2472,10.0083,165.5556,267.6015,5,4,0,1,156.875,22.088
7.4,4.4727,4.4986,4.7275,140.6241,275.4177,5,4,0,1,160.635,49.422
7.4,15.2592,41.0997,8.6110,140.6752,262.8573,5,4,0,1,151.443,1.473
7.4,7.1686,25.6128,6.9519,146.5143,279.1082,5,4,0,1,168.606,50.243
5.3,8.4365,7.3526,4.1428,135.4009,280.4630,5,4,0,1,166.792,54.710
7.4,12.8839,40.6488,10.4909,153.0978,260.8569,5,4,0,1,147.364,41.446
7.4,2.2957,15.1592,9.3665,109.6542,276.9917,5,4,0,1,166.725,49.760
7.4,2.0896,11.7184,7.6292,78.5356,266.8624,5,4,0,1,156.419,9.083
7.4,5.3895,5.3462,5.3792,111.3834,262.8318,5,4,0,1,155.967,51.545
7.4,9.7846,28.2900,8.3124,97.3665,261.5496,5,4,0,1,152.403,0.517
7.4,7.4645,14.8376,5.5961,103.3425,273.8322,5,4,0,1,166.678,53.792
7.4,9.5646,20.9638,5.4366,120.7975,260.7451,5,4,0,1,150.145,17.830
7.4,8.8176,29.8712,8.2894,143.8080,265.0680,5,4,0,1,151.664,12.563
7.4,10.4370,17.7386,4.7636,142.4381,260.5264,5,4,0,1,148.724,37.423
7.4,12.7688,35.9635,10.1662,116.0066,279.5064,5,4,0,1,166.779,64.171
7.4,5.3243,28.0853,10.1500,155.8862,272.4746,5,4,0,1,165.857,70.783
7.4,5.6465,19.7283,4.8713,143.4891,267.9212,5,4,0,1,153.291,58.477
7.4,9.7685,40.2238,11.4400,138.4340,277.7643,5,4,0,1,172.066,71.629
7.4,8.3220,29.7992,8.3142,115.8283,272.7690,5,4,0,1,154.475,41.485
7.4,7.5529,20.8783,5.1392,147.0788,281.0255,5,4,0,1,165.053,69.956
7.4,5.1120,20.8428,6.3326,126.3323,270.8517,5,4,0,1,150.666,59.577
7.4,2.0325,11.9853,4.7110,112.2193,260.3919,5,4,0,1,148.761,42.698
7.4,11.7702,36.8272,9.9321,163.5161,259.1484,5,4,0,1,153.947,54.443
7.4,9.2057,22.7489,5.2942,126.6336,282.4563,5,4,0,1,167.767,69.279
7.4,8.2007,30.6803,8.8735,163.9713,273.0786,5,4,0,1,150.791,50.812
7.4,7.3045,32.0350,8.8887,135.4419,272.4402,5,4,0,1,155.654,57.587
7.4,4.1150,25.0494,8.9821,136.3581,267.4829,5,4,0,1,158.548,57.397
7.4,4.0550,14.0589,6.0797,161.0238,276.9503,5,4,0,1,163.428,67.044
7.4,1.3469,12.7125,5.8257,131.6872,264.9676,5,4,0,1,148.513,60.317
7.4,5.4656,21.2070,5.2351,142.3394,269.4614,5,4,0,1,152.104,53.108
7.4,2.5144,14.0485,4.8703,144.8086,267.3091,5,4,0,1,150.266,45.618
7.4,4.7055,17.2107,4.3751,162.8471,267.3036,5,4,0,1,151.009,52.034
7.4,0.7188,17.0160,11.3145,165.4137,274.5547,5,4,0,1,157.298,42.819
7.4,4.8004,16.7823,5.4472,131.1121,265.8066,5,4,0,1,151.365,49.785
7.4,2.3156,14.9661,6.5835,128.9659,276.4733,5,4,0,1,161.034,68.274
7.4,4.7000,16.8583,5.1470,160.6745,264.4727,5,4,0,1,149.531,48.083
7.4,3.9893,19.7281,6.0430,129.3438,267.2680,5,4,0,1,153.372,54.719
7.4,5.3095,21.9792,6.2684,132.5208,262.6486,5,4,0,1,148.229,43.978
7.4,9.3455,21.8514,5.3191,164.2055,261.1110,5,4,0,1,151.118,42.984
7.4,10.0471,24.4379,4.8850,160.0453,268.2753,5,4,0,1,154.511,42.586
7.4,13.2582,40.8763,9.8982,153.2693,278.5036,5,4,0,1,170.390,55.312
7.4,7.1915,18.8702,4.7219,153.2209,268.3035,5,4,0,1,152.125,45.641
7.4,11.5880,30.8881,7.3433,157.6078,270.1168,5,4,0,1,157.905,45.904
7.4,9.3837,22.1638,4.4902,156.0786,259.1505,5,4,0,1,153.478,43.927
7.4,10.3009,27.6457,6.2086,145.7443,257.7292,5,4,0,1,149.273,26.150
7.4,10.4072,27.8275,6.1700,149.8767,268.9889,5,4,0,1,155.590,44.448
7.4,12.7222,32.5908,7.0447,160.4170,267.4672,5,4,0,1,153.645,35.379
7.4,4.4951,15.6450,5.1361,164.0852,265.2019,5,4,0,1,152.494,47.189
7.4,8.6450,22.1423,5.6009,154.0703,258.0694,5,4,0,1,150.301,42.044
7.4,5.4783,16.6250,5.3776,169.0393,256.9411,5,4,0,1,148.021,36.243
7.4,10.4484,35.7287,11.1521,158.8861,273.6557,5,4,0,1,160.116,54.996
7.4,12.2846,32.0455,6.5882,158.0734,261.4966,5,4,0,1,155.746,40.174
7.4,2.5782,3.8186,5.4932,175.2323,259.9950,5,4,0,1,154.383,26.329
7.4,10.2837,36.0580,10.1258,156.9830,275.7222,5,4,0,1,165.993,53.787
7.4,10.7665,39.6074,11.3700,158.6952,280.0434,5,4,0,1,169.865,54.317
7.4,10.5193,23.5562,4.4403,162.6432,264.2239,5,4,0,1,151.547,33.475
7.4,9.1665,21.1114,5.2122,162.4912,260.0413,5,4,0,1,150.125,37.752
7.4,4.7462,24.6571,10.2694,157.5213,268.3730,5,4,0,1,158.539,10.568
7.4,12.7639,40.2696,10.9900,158.0094,276.1891,5,4,0,1,165.490,22.687
7.4,11.2331,28.6586,6.2758,151.1637,262.1802,5,4,0,1,152.722,14.343
7.4,8.9973,35.0225,11.7081,153.2125,275.9245,5,4,0,1,165.877,22.953
7.4,7.0812,31.9902,11.7349,157.7925,274.6662,5,4,0,1,167.346,27.414
7.4,10.1138,27.1926,6.2521,147.2024,255.8259,5,4,0,1,149.190,0.000
7.4,8.1605,19.3936,5.4217,160.4040,259.5883,5,4,0,1,151.162,23.217
7.4,4.8516,22.9294,8.5964,152.1180,273.3279,5,4,0,1,157.697,21.299
7.4,6.8801,27.7043,9.7680,149.9555,278.7083,5,4,0,1,167.174,31.709
7.4,9.8778,40.0027,12.3942,155.4046,273.2240,5,4,0,1,165.444,29.215
7.4,7.1378,25.6969,9.1749,163.5434,273.2401,5,4,0,1,162.049,21.354
7.4,12.4123,44.6175,12.8655,155.1621,275.6507,5,4,0,1,167.027,22.906
7.4,11.0676,42.0359,12.7689,148.9511,275.9050,5,4,0,1,166.850,26.159
7.4,10.7226,25.5920,4.7732,156.0943,263.4574,5,4,0,1,153.357,12.879
7.4,5.4008,13.7285,3.7981,168.3731,262.1497,5,4,0,1,146.139,4.970
7.4,10.7632,26.7494,5.7656,151.1645,260.8737,5,4,0,1,153.210,19.013
7.4,10.4089,23.9590,4.5803,149.6597,262.9351,5,4,0,1,152.205,15.068
7.4,4.0367,21.9945,9.5566,144.8414,268.0031,5,4,0,1,157.106,14.456
7.4,12.0187,30.3133,6.4146,163.7798,260.9615,5,4,0,1,153.013,9.862
7.4,2.9554,17.2068,8.8126,152.4997,265.1605,5,4,0,1,152.824,6.858
7.4,7.5911,26.5690,9.6683,100.6246,271.4806,5,4,0,1,160.961,16.406
7.4,21.4841,5.6137,6.5884,143.0402,277.5205,5,4,0,1,165.467,51.414
7.4,5.8749,3.9410,4.6567,139.2682,260.9604,5,4,0,1,153.788,2.337
7.4,2.0479,4.0501,6.8915,129.9116,266.3580,5,4,0,1,151.583,15.498
7.4,16.9307,3.7910,6.8739,125.6454,271.0869,5,4,0,1,161.490,40.428
7.4,4.3932,4.1070,4.5677,139.1497,260.6489,5,4,0,1,154.593,2.258
7.4,2.8923,3.6791,6.5040,125.3094,268.4989,5,4,0,1,153.411,15.472
7.4,5.8812,5.3474,4.2712,120.3644,262.8917,5,4,0,1,152.257,0.519
7.4,22.5846,3.7334,12.5167,142.5611,278.6922,5,4,0,1,171.231,47.878
7.4,17.3515,4.2337,4.6281,140.6971,269.6692,5,4,0,1,157.241,35.645
7.4,2.5725,3.8773,4.9578,91.3642,259.7142,5,4,0,1,150.077,20.073
7.4,4.6573,4.2873,5.2477,150.7175,262.7192,5,4,0,1,154.085,5.071
7.4,13.8775,4.1557,5.5051,148.5638,266.9756,5,4,0,1,154.466,35.607
7.4,5.9051,5.3787,4.2486,97.1194,261.2887,5,4,0,1,152.466,4.300
7.4,17.1846,3.6425,12.8706,131.4159,276.5409,5,4,0,1,170.251,46.913
7.4,6.0181,5.5334,4.5055,144.7238,262.0821,5,4,0,1,149.456,37.626
7.4,25.1657,3.7787,10.8988,159.4095,276.1300,5,4,0,1,168.341,44.988
7.4,25.1425,4.0319,12.5291,144.3757,270.3929,5,4,0,1,172.534,43.123
7.4,23.2211,3.7291,12.5521,142.6663,274.2267,5,4,0,1,171.377,47.787
7.4,3.7736,3.9937,5.2172,101.2160,265.2555,5,4,0,1,153.229,14.333
7.4,16.2296,5.4030,7.1814,149.9727,256.5880,5,4,0,1,154.272,29.592
7.4,2.3558,3.5618,6.3844,116.7482,265.5981,5,4,0,1,153.177,20.200
7.4,15.5739,5.4242,5.5598,135.4533,260.5897,5,4,0,1,151.074,12.765
7.4,9.8243,3.7422,4.1531,128.7287,265.4155,5,4,0,1,152.818,31.120
7.4,10.8134,3.6437,6.8791,147.8259,255.7446,5,4,0,1,148.340,12.389
7.4,25.8088,3.7389,10.2012,144.9340,272.6970,5,4,0,1,168.824,41.776
7.4,4.5734,23.6040,9.7861,124.8419,271.1822,5,4,0,1,159.939,14.975
7.4,2.7979,15.2783,8.1974,101.8386,264.8737,5,4,0,1,151.703,32.927
7.4,23.5836,5.4291,11.3000,143.4003,270.9675,5,4,0,1,169.464,40.785
5.3,33.6248,7.2013,12.1022,127.2945,277.4644,5,4,0,1,169.998,75.631
7.4,25.6204,3.7344,11.2682,129.1033,274.2387,5,4,0,1,167.232,43.625
5.3,24.0915,8.0897,6.3364,137.6633,253.4153,5,4,0,1,147.935,27.408
5.3,19.0682,7.1321,5.8300,135.5880,278.5317,5,4,0,1,173.632,74.206
7.4,20.2871,3.6588,10.2886,114.9339,262.7794,5,4,0,1,155.434,65.310
7.4,5.5129,25.8172,11.7390,163.5945,279.4718,5,4,0,1,170.622,46.838
7.4,4.2766,10.9619,4.6723,110.0405,267.7266,5,4,0,1,156.721,9.065
7.4,26.6033,3.7253,11.9016,115.2293,251.1813,5,4,0,1,148.909,24.975
7.4,1.1038,15.0597,8.1857,129.6772,273.2129,5,4,0,1,167.297,45.426
5.3,3.1263,5.1043,3.8812,145.0127,259.4402,5,4,0,1,146.613,40.189
5.3,31.8578,7.6418,9.9596,127.3852,267.3072,5,4,0,1,152.719,52.307
5.3,38.1521,9.0574,10.2234,153.3214,263.8237,5,4,0,1,146.701,37.365
5.3,16.1599,4.9297,11.2570,95.2179,271.1980,5,4,0,1,168.316,74.279
7.4,6.5308,4.2388,7.6583,88.9288,278.1247,5,4,0,1,171.639,76.371
5.3,3.6648,5.1064,6.9357,122.9754,276.9451,5,4,0,1,166.602,74.932
5.3,12.3721,7.8956,3.3204,141.5867,274.2911,5,4,0,1,151.725,23.758
7.4,7.3073,5.3528,4.4450,126.7399,259.3521,5,4,0,1,146.427,37.367
5.3,1.6234,4.8716,4.9827,148.7993,261.8441,5,4,0,1,147.555,46.668
7.4,4.6092,4.0453,6.0483,134.3152,264.0383,5,4,0,1,152.161,25.259
7.4,7.1834,25.7335,7.3962,175.3163,266.3583,5,4,0,1,152.450,49.634